,BusinessName,CompanyAddress,Owner,Principals,BuildingName,Address,PropertyGFABuilding(s),Agent,UBINumber,TaxParcelOwner
2,SEATTLE HOST HOTEL COMPANY LLC,"4747 BETHESDA AVENUE, SUITE 1300, BETHESDA, MD, 20814-5584, UNITED STATES",,"[' BENJAMIN FRANKLIN HOTEL, INC' ' W & S REALTY CORPORATION OF DE'
 'GREGORY LARSON' 'JOSEPH C. OTTINGER' 'MICHAEL L. ROCK'
 'NATHAN S. TYRRELL']",WESTIN HOTEL (Parent Building),1900 5TH AVE,759392,CORPORATION SERVICE COMPANY,602 658 705,SEATTLE HOST HOTEL COMPANY L L C
4,,,,,WARWICK SEATTLE HOTEL,401 LENORA ST,113580,,,UNDEFINED
7,SCD 2U LLC,"389 INTERPACE PKWY, 5TH FLOOR, PARSIPPANY, NJ, 07054-1132, UNITED STATES",Skanska Commercial Development,['CLAES LARSSON'],PARAMOUNT THEATER,901 PINE ST,102761,CORPORATION SERVICE COMPANY,603 490 488,SCD 2U LLC
8,,,,,COURTYARD BY MARRIOTT - PIONEER SQ,612 2ND AVE,163984,,,618 SECOND AVENUE LIMITED PS+GOLDEN RAINBOW FREEDOM FUND LIMITED PS ET AL
10,RUNNING REBELS OWNER LLC,"4747 BETHESDA AVENUE, SUITE 1100, BETHESDA, MD, 20814, UNITED STATES",Pebblebrook Hotel Trust,"['PEBBLEBROOK HOTEL, L.P.']",HOTEL MONACO,1101 4TH AVE,133884,C T CORPORATION SYSTEM,603 099 961,RUNNING REBELS OWNER LLC
11,,,,,W SEATTLE HOTEL,1112 4TH AVE,272015,,,SUPERNOVA SEATTLE REALTY LLC
13,TODAY'S HOTEL SEATTLE CORPORATION,"1113 6TH AVE, SEATTLE, WA, 98101-3002, UNITED STATES",,['CARMEL FU' 'ROBERT C. NICHOLAS' 'VIVIAN LEE'],CROWNE PLAZA,1113 6TH AVE,295511,"OMW R.A. SERVICES, LLC",601 877 875,TODAYS HOTEL SEATTLE CORPORATION
15,,,,,SEATTLE CENTRAL LIBRARY,1000 4TH AVE,355000,,,UNDEFINED
16,,,,,DOWNTOWN SEATTLE YMCA,909 4TH AVE,103911,,,MILLENIUM TOWER LLC
17,MADISON HOTEL LLC,"1700 7TH AVE STE 2300, SEATTLE, WA, 98101-1387, UNITED STATES",R.C. Heeden Co,['R.C. HEDREEN CO.'],RENAISSANCE MADISON HOTEL,515 MADISON ST,331281,"TRUSTEE AND CORPORATE SERVICES, INC.",601 816 426,MADISON HOTEL LLC
19,ARCTIC CLUB HOTEL LLC,"108 N WASHINGTON ST STE 603, SPOKANE, WA, 99201-5001, UNITED STATES",Oxford Collection,['CHRISTOPHER ASHENBRENER' 'STEPHEN DAY' 'WILLIAM LAWSON'],DOUBLE TREE ARCTIC CLUB HOTEL - SEATTLE,700 3RD AVE,104352,,602 440 867,ARCTIC CLUB HOTEL LLC
20,,,,,KING COUNTY COURTHOUSE,516 3RD AVE,540360,,,UNDEFINED
21,,,,,KING COUNTY CORRECTIONAL FACILITY,500 5TH AVE,385274,,,KING COUNTY
24,CORNISH COLLEGE OF THE ARTS,"1000 LENORA ST, SEATTLE, WA, 98121-2951, UNITED STATES",Cornish College of the Arts,['EMILY PARKHURST' 'JOHN JORDAN' 'MICHAEL FORTIN' 'SHARON CORNISH-MARTIN'],CORNISH (Main Campus Center),1000 LENORA ST,126593,,600 178 881,CORNISH COLLEGE OF THE ARTS
26,"MOODY NATIONAL YALE-SEATTLE HOLDING, LLC","9655 KATY FWY STE 600, HOUSTON, TX, 77024-1385, UNITED STATES",,['MOODY NATIONAL OPERATING PARTNERSHIP I LP'],SPRINGHILL SUITES SEATTLE DOWNTOWN,1800 YALE AVE,133585,CORPORATION SERVICE COMPANY,603 579 184,MOODY NATIONAL YALE-SEATTLE HOLDINGS LLC
41,"1301 6TH AVENUE (WA) OWNER, LLC","4700 WILSHIRE BLVD, LOS ANGELES, CA, 90010-3853, UNITED STATES",CIM Group,"['1301 6TH AVENUE VENTURE, LLC']",HILTON SEATTLE,1301 6TH AVE,126240,PARACORP INCORPORATED,604 552 088,1301 6TH AVENUE (WA) OWNER LLC
48,,,,,SHERATON GRAND SEATTLE - (Parent Building),1400 6TH AVE,926614,,,UNDEFINED
50,1915 SECOND AVENUE LLC,"2801 ALASKAN WAY, SEATTLE, WA, 98121-1134, UNITED STATES",TruAmerica Multifamily,['PAUL KELLER'],MOORE HOTEL & THEATRE,1926 2ND AVE,122810,"NATIONAL REGISTERED AGENTS, INC.",603 176 132,1915 SECOND AVENUE LLC
93,HPT IHG-2 PROPERTIES TRUST,"255 WASHINGTON ST, TWO NEWTON PLACE, SUITE 300, NEWTON, MA, 02458-1634, UNITED STATES",Service Properties Trust,"['ADAM D. PORTNOY' 'BRIAN E. DONLEY' 'JENNIFER B. CLARK' 'JOHN G. MURRAY'
 'TODD W. HARGREAVES']",ALEXIS HOTEL,1007 1ST AVE,169037,CORPORATION SERVICE COMPANY,603 181 390,HPT IHG-2 PROPERTIES TRUST
94,"1918 EIGHTH, LLC","225 108TH AVE NE #400, BELLEVUE, WA, 98004, UNITED STATES",,[' S1 SEATTLE INVESTMENTS I' 'JENNIFER D COBB'],BENAROYA HALL,1301 3RD AVE,174000,JENNIFER D COBB,602 735 324,1918 EIGHTH LLC
158,,,,,2024 THIRD AVE/YWCA,2024 3RD AVE,116947,,,UNDEFINED
160,,,,,PINE ST. CONDO-ELLIOTT GRAND HYATT SEATTLE,721 PINE ST,518497,,,UNDEFINED
178,,,,,ACT THEATER,700 UNION ST,166570,,,UNDEFINED
179,,,,,YWCA Women's Residence,1118 5TH AVE,107572,,,UNDEFINED
180,,,,,CENTURYLINK: 3RD AVE 3-D,1122 3RD AVE,208328,,,UNDEFINED
187,,,,,EDGEWATER INN,2411 ALASKAN WAY,122309,,,UNDEFINED
188,,,,,PORT OF SEATTLE  BELL HARBOR COMPLEX  & CONFERENCE - CAMPUS,2201 ALASKAN WAY,217088,,,UNDEFINED
189,,,,,SEATTLE WATERFRONT MARRIOTT,2100 ALASKAN WAY,215473,,,ASHFORD SEATTLE WATERFRONT L P
196,SREH 2018 MANAGEMENT LLC,"1000 2ND AVE STE 1800, SEATTLE, WA, 98104-3619, UNITED STATES",Martin Selig Real Estate,['MARTIN SELIG'],FOURTH & BATTERY BUILDING,2401 4TH AVE,212210,,604 433 466,SREH 2018 MANAGEMENT LLC
197,,,,,WESTLAKE MALL RETAIL PORTION,400 PINE ST,111077,,,UNDEFINED
198,,,,,WESTLAKE TOWER,1601 5TH AVE,389150,,,UNDEFINED
199,"NORDSTROM, INC.","1617 6TH AVE, SEATTLE, WA, 98101-1707, UNITED STATES",Nordstrom Inc,"[""AMIE THUENER O'TOOLE"" 'ANN MUNSON STEINES' 'ANNE BRAMMAN' 'BRAD TILDEN'
 'BRIAN DEFOE' 'ERIK NORDSTROM' 'GLENDA MCNEAL' 'JAMES DONALD'
 'KENNETH WORZEL' 'KIRSTEN GREEN' 'MARK TRITTON' 'PETER NORDSTROM'
 'STACY BROWN-PHILPOT']",NORDSTROM DOWNTOWN,500 PINE ST,693450,CORPORATION SERVICE COMPANY,178 071 138,NORDSTROM INC
200,"CSHV 1600 7TH AVENUE, LLC","333 WEST WACKER DRIVE, SUITE 2300, CHICAGO, IL, 60606, UNITED STATES",,"['LASALLE INVESTMENT MANAGEMENT, INC.']",CENTURYLINK: SEATTLE BELL PLAZA,1600 7TH AVE,791396,UNITED AGENT GROUP INC.,603 176 819,CSHV 1600 7TH AVENUE LLC
201,,,,,1700 SEVENTH BUILDING,1700 7TH AVE,542671,,,700 OLIVE LP  % CLISE PROPERTIES
203,TOWER BUILDING LLC,"1809 7TH AVE STE 300, SEATTLE, WA, 98101-1341, UNITED STATES",,[' TOWER BUILDING SEVENTH AVENUE'],TOWER BLDG,1809 7TH AVE,174790,,601 893 911,TOWER BUILDING LLC
205,BGO PLAZA 600 JV LLC,"1425 4TH AVE STE 200, C/O URG PLAZA 600 INVESTORS LLC,, SEATTLE, WA, 98101, UNITED STATES",Urban Renaissance Group,['BGO PLAZA 600 MEMBER LLC'],PLAZA 600 BUILDING,600 STEWART ST,233517,C T CORPORATION SYSTEM,604 537 878,BGO PLAZA 600 JV LLC
206,,,,,WEST 8TH,2001 8TH AVE,529375,,,KILROY REALTY L P
207,,,,,DENNY BUILDING,2200 6TH AVE,190642,,,UNDEFINED
208,"HUDSON 1918 EIGHTH AVENUE, LLC","11601 WILSHIRE BLVD., 9TH FLOOR, LOS ANGELES, CA, 90025, UNITED STATES",,"['HUDSON 1918 EIGHTH REIT, LLC']",1918 EIGHTH AVE,1918 8TH AVE,669915,C T CORPORATION SYSTEM,604 678 268,HUDSON 1918 EIGHTH AVENUE LLC
209,1800 NINTH ACQUISITION LLC,"383 MADISON AVE, NEW YORK, NY, 10017-3217, UNITED STATES",JP Morgan Asset Management,['SSPF REIT I LLC'],1800 9TH AVENUE BUILDING,1800 9TH AVE,339240,C T CORPORATION SYSTEM,604 533 218,1800 NINTH ACQUISITION LLC
210,,,,,SEATTLE CHILDREN'S HOSPITAL  (JACK R MCDONALD BUILDING),1900 9TH AVE,230638,,,CHILDREN'S HOSPITAL & REGIONAL MEDICAL CENTER
213,"710 SECOND AVE (WA) OWNER, LLC","4700 WILSHIRE BLVD, LOS ANGELES, CA, 90010-3853, UNITED STATES",CIM Group,['CIM SMA I-B INVESTMENTS LLC'],DEXTER HORTON BUILDING,710 2ND AVE,388934,PARACORP INCORPORATED,604 363 275,710 SECOND AVE (WA) OWNER LLC
214,,,,,EXCHANGE BUILDING,821 2ND AVE,384302,,,BPP EXCHANGE BUILDING PROPERY OWNER LLC
215,HINES NORTON SEATTLE LLC,"845 TEXAS AVENUE SUITE 3300, HOUSTON, TX, 77002, UNITED STATES",Hines,['HUSPP PROPERTIES LP'],NORTON BUILDING,801 2ND AVE,293925,C T CORPORATION SYSTEM,604 816 375,HINES NORTON SEATTLE LLC
216,BPP 999 THIRD AVENUE OWNER LLC,"233 S WACKER DR STE 4700, CHICAGO, IL, 60606-6374, UNITED STATES",The Blackstone Group,"['A.J. AGARWAL' 'ADAM LESLIE' 'AMY SMITH' 'ANDREA DRASITES' 'ANNA STOKES'
 'ANNIE WANG' 'ANTHONY BEOVICH' 'ANTHONY BEOVICH' 'ANTHONY F. MARONE, JR.'
 'ASIM HAMID' 'BPP 999 THIRD AVENUE PROPERTY OWNER LLC' 'BRENDAN MCINTEE'
 'BRENDAN MCINTEE' 'BRIAN KAUFMAN' 'BRIAN KIM' 'BRIAN LIN' 'BRIAN LIN'
 'BRITTON DERKAC' 'CHAO YAN' 'CHARLIE HOBEY' 'CHRIS GRAHAM'
 'DANIELLE SANDS' 'DAVID LEVINE' 'DAVID MOORE' 'DAVID O’NEILL'
 'DAVID ZACKOWITZ' 'DEONDRA CEPHUS' 'DOUG ARMER' 'ERIC LEANER' 'ERIC WU'
 'FRANK COHEN' 'FRANK R. CAMPBELL' 'GIOVANNI CUTAIA' 'GLEN BARTLEY'
 'IVY ISRAEL' 'JACOB WERNER' 'JOHN PRETE' 'JOSEPH ROCCO' 'JOSEPH VALANE'
 'JOSHUA CARSON' 'KAREN SPROGIS' 'KATHLEEN MCCARTHY' 'KENNETH A. CAPLAN'
 'LAKECIA STANFORD' 'LAUREN SOZIO' 'LEON VOLCHYOK' 'LESLIE ROBELLY'
 'LISA PICARD' 'MARC LENIHAN' 'MARIKAY KLANK' 'MARK HUDSPETH'
 'MARSHALL NEVINS' 'MELISSA PIANKO' 'MICHAEL ANTHONY' 'MICHAEL ANTHONY'
 'MICHAEL BERINGER' 'MICHAEL LASCHER' 'MICHAEL WIEBOLT' 'MIKE FORMAN'
 'MIKKI WARD' 'NADEEM MEGHJI' 'NICOLE GRIMALDI' 'NISSAN SHAH'
 'PAUL GORDON' 'PAUL KOLODZIEJ' 'PAUL QUINLAN' 'PHIL BATEMAN'
 'QAHIR MADHANY' 'RICHARD REYES' 'ROBERT HARPER' 'RON BERNSTEIN'
 'RYAN INGLE' 'SCOTT TREBILCO' 'SEAN MILLIGAN' 'SIMON WASSERBERGER'
 'SPENCER ROSE' ""T. MAX O'NEILL"" 'TOM JACK' 'TYLER HENRITZE'
 'WESLEY LEPATNER' 'WILLIAM J. STEIN']",999 THIRD AVE,999 3RD AVE,1323055,CORPORATION SERVICE COMPANY,604 467 183,BPP 999 THIRD AVENUE OWNER LLC
217,SELIG HOLDINGS COMPANY L.L.C.,"1000 2ND AVE STE 1800, SEATTLE, WA, 98104-3619, UNITED STATES",Martin Selig Real Estate,['MARTIN SELIG'],1000 2ND AVENUE BUILDING,1000 2ND AVE,460489,,602 559 881,SELIG HOLDINGS COMPANY LLC
219,,,,,2ND & SENECA BLDS,1191 2ND AVE,438072,,,US VI SENECA TOWER LLC +NORTHWOOD INVESTORS LLC
220,SECOND AND SPRING PROPERTY (SEA) LLC,"1215 4TH AVENUE, SUITE 600, SEATTLE, WA, 98161, UNITED STATES",Unico,['UNICO PROPERTIES LLC'],SECOND AND SPRING BUILDING,1100 2ND AVE,146922,CORPORATION SERVICE COMPANY,604 299 552,SECOND & SPRING PROPERTY SEA LLC
221,SPRING AND 1111 THIRD PROPERTY (SEA) LLC,"1215 FOURTH AVENUE, SUITE 600, SEATTLE, WA, 98161, UNITED STATES",Unico,['UNICO PROPERTIES LLC'],1111 3RD AVE BUILDING,1111 3RD AVE,614158,CORPORATION SERVICE COMPANY,604 296 470,SPRING & 1111 THIRD PROPERTY SEA LLC
222,WALLYSONS INC.,"711 CAPITOL WAY S STE 204, OLYMPIA, WA, 98501, UNITED STATES",,['MICHEL PILON' 'SEAN MURRAY'],ABRAHAM LINCOLN BUILDING,1110 3RD AVE,162993,C T CORPORATION SYSTEM,601 338 627,WALLYSONS INC
223,SAFECO PLAZA LLC,"800 BOYLSTON ST STE 1900, BOSTON, MA, 02199-8101, UNITED STATES",BXP ,['SAFECO PLAZA REIT LLC'],SAFECO PLAZA / 1001 FOURTH AVENUE,1001 4TH AVE,754455,C T CORPORATION SYSTEM,604 780 283,SAFECO PLAZA LLC
224,T-C 4TH & MADISON LLC,"730 3RD AVE, NEW YORK, NY, 10017-3206, UNITED STATES",TIAA,['CLPF T-C 4TH AND MADISON LLC'],FOURTH & MADISON ( IDX TOWER),925 4TH AVE,888049,CORPORATION SERVICE COMPANY,603 282 482,T C 4 & MADISON LLC
225,VBGO 901 FIFTH SEA LLC,"277 E TOWN ST, COLUMBUS, OH, 43215-4627, UNITED STATES",Vanbarton Group,"['DAMIANO BUFFA' 'GARY M. TISCHLER' 'JUSTIN B. KLEINMAN'
 'RICHARD A. C. COLES']",901 FIFTH AVENUE,901 5TH AVE,540589,CORPORATION SERVICE COMPANY,604 418 295,VBGO 901 FIFTH SEA LLC
226,GO-BRICKMAN CENTRAL OWNER LLC,"C/O BRICKMAN, ONCE GREENWICH OFFICE PARK, BUILDING 1N, SUITE 175, GREENWICH, CT, 06831, UNITED STATES",Brickman Fund,['BRICKMAN MGR LLC'],CENTRAL BUILDING,810 3RD AVE,201480,C T CORPORATION SYSTEM,604 300 012,GO-BRICKMAN CENTRAL OWNER LLC
227,,,,,SEATTLE MUNICIPAL TOWER,700 5TH AVE,1195387,,,CITY OF SEATTLE
228,,,,,SEATTLE JUSTICE CENTER,610 5TH AVE,310490,,,UNDEFINED
229,,,,,CITY HALL,600 4TH AVE,168870,,,UNDEFINED
230,,,,,CHINOOK BLDG - KING COUNTY,401 5TH AVE,319539,,,KING COUNTY
231,,,,,YESLER BUILDING - KING COUNTY,400 YESLER WAY,106099,,,KING COUNTY
238,"ONNI 1411 FOURTH DEVELOPMENT, INC.","5055 N 32ND ST STE 200, PHOENIX, AZ, 85018-1401, UNITED STATES",Onni Group,['LES FOVENYI' 'RICARDO BEAUSOLEIL' 'SAM PARROTTA'],1411 BUILDING,1411 4TH AVE,151039,"CAPITOL CORPORATE SERVICES, INC.",603 587 072,ONNI 1411 FOURTH DEVELOPMENT LP
240,BCAL MET PARK PROPERTY LLC,"200 STATE STREET 5TH FLOOR, BOSTON, MA, 02109, UNITED STATES",Beacon Capital Partners,['BCP-CG MET PARK REIT LLC'],METROPOLITAN PARK I  (WEST) OFFICE BLDG,1100 OLIVE WAY,349055,C T CORPORATION SYSTEM,604 316 300,BCAL MET PARK PROPERTY LLC
241,1200 HOWELL STREET LLC,"1924 1ST AVE STE 300, SEATTLE, WA, 98101-4802, UNITED STATES",Burrard,['BURRARD DEVELOPMENT LLC'],METROPOLITAN PARK NORTH BUILDING,1220 HOWELL ST,184691,"SW&W REGISTERED AGENTS, INC.",603 485 893,1200 HOWELL STREET LLC
242,BCAL MET PARK PROPERTY LLC,"200 STATE STREET 5TH FLOOR, BOSTON, MA, 02109, UNITED STATES",Beacon Capital Partners,['BCP-CG MET PARK REIT LLC'],METROPOLITAN PARK EAST,1730 MINOR AVE,378769,C T CORPORATION SYSTEM,604 316 300,BCAL MET PARK PROPERTY LLC
243,SREH 2014 LLC,"1000 2ND AVE STE 1800, SEATTLE, WA, 98104-3619, UNITED STATES",Martin Selig Real Estate,['MARTIN SELIG'],FOURTH & BLANCHARD BUILDING,2101 4TH AVE,427155,,603 391 691,SREH 2014 LLC
245,SELIG HOLDINGS COMPANY L.L.C.,"1000 2ND AVE STE 1800, SEATTLE, WA, 98104-3619, UNITED STATES",Martin Selig Real Estate,['MARTIN SELIG'],THIRD AND BROAD BLDG,2901 3RD AVE,272410,,602 559 881,SELIG HOLDINGS COMPANY LLC
246,,,,,5TH & BELL BUILDING,2301 5TH AVE,203880,,,HUDSON 5TH + BELL LLC
247,,,,,SIXTH & WALL BUILDING (521 WALL ST),521 WALL ST,144118,,,FIFTH & WALL L L C
248,SELIG HOLDINGS COMPANY L.L.C.,"1000 2ND AVE STE 1800, SEATTLE, WA, 98104-3619, UNITED STATES",Martin Selig Real Estate,['MARTIN SELIG'],3101 WESTERN (FORMERLY AIRBORNE BLDG),3101 WESTERN AVE,191117,,602 559 881,SELIG HOLDINGS COMPANY LLC
251,,,,,SMITH TOWER,506 2ND AVE,304346,,,WESTERN OFFICE PORTFOLIO PROPERTY OWNER LLC +UNICO PROPERTIES LLC
253,,,,,SKINNER BLDG,1326 5TH AVE,226061,,,UNIVERSITY OF WASHINGTON
254,,,,,IBM BUILDING,1200 5TH AVE,269900,,,UNIVERSITY OF WASHINGTON
255,,,,,PUGET SOUND PLAZA,1325 4TH AVE,298426,,,UNIVERSITY OF WASHINGTON
256,,,,,RAINIER TOWER,1301 5TH AVE,476871,,,UNIVERSITY OF WASHINGTON
257,,,,,FAIRMONT OLYMPIC HOTEL,411 UNIVERSITY ST,542305,,,UNIVERSITY OF WASHINGTON
265,2601 ELLIOTT OWNER LLC,"235 MONTGOMERY ST FL 15, SAN FRANCISCO, CA, 94104-3102, UNITED STATES",Shorenstein Company,['SRI TWELVE 2601 ELLIOTT HOLDINGS LLC'],2601 ELLIOTT AVE,2601 ELLIOTT AVE,350310,CORPORATION SERVICE COMPANY,604 767 289,2601 ELLIOTT OWNER LLC
266,"1201 TAB OWNER, LLC","1201 3RD AVE, SEATTLE, WA, 98101, UNITED STATES",,"['METLIFE 1201 TAB MANAGER, LLC' 'METLIFE 1201 TAB MEMBER LLC']",WASH MUTUAL TOWER (1201 THIRD AVE),1201 3RD AVE,1115000,C T CORPORATION SYSTEM,603 244 928,1201 TAB OWNER LLC
267,"MILNER VENTURES, LLC","31217 NE 110TH ST, CARNATION, WA, 98014-9743, UNITED STATES",,['CHRISTINE TAPERT'],WASHINGTON ATHLETIC CLUB,1325 6TH AVE,305548,,602 259 240,MILNER VENTURES LLC
268,BPP 1420 FIFTH AVENUE OWNER LLC,"233 S WACKER DR STE 4700, CHICAGO, IL, 60606-6374, UNITED STATES",The Blackstone Group,"['A.J. AGARWAL' 'ADAM LESLIE' 'AMY SMITH' 'ANDREA DRASITES' 'ANNA STOKES'
 'ANNIE WANG' 'ANTHONY BEOVICH' 'ANTHONY F. MARONE, JR.' 'ASIM HAMID'
 'BPP 1420 FIFTH AVENUE REIT LLC' 'BRENDAN MCCRACKEN' 'BRENDAN MCINTEE'
 'BRIAN KAUFMAN' 'BRIAN KIM' 'BRIAN LIN' 'BRITTON DERKAC' 'CHAO YAN'
 'CHARLIE HOBEY' 'CHRIS GRAHAM' 'DANIELLE SANDS' 'DAVID LEVINE'
 'DAVID MOORE' ""DAVID O'NEILL"" 'DAVID ZACKOWITZ' 'DEONDRA CEPHUS'
 'DOUG ARMER' 'ERIC LEANER' 'ERIC WU' 'FRANK COHEN' 'FRANK R. CAMPBELL'
 'GIOVANNI CUTAIA' 'GLEN BARTLEY' 'IVY ISRAEL' 'JACOB WERNER' 'JOHN PRETE'
 'JOSEPH ROCCO' 'JOSEPH VALANE' 'JOSHUA CARSON' 'KAREN SPROGIS'
 'KATHLEEN MCCARTHY' 'KENNETH A. CAPLAN' 'LAKECIA STANFORD' 'LAUREN SOZIO'
 'LEON VOLCHYOK' 'LESLIE ROBELLY' 'LISA PICARD' 'MARC LENIHAN'
 'MARIKAY KLANK' 'MARK HUDSPETH' 'MARSHALL NEVINS' 'MELISSA PIANKO'
 'MICHAEL ANTHONY' 'MICHAEL BERINGER' 'MICHAEL LASCHER' 'MICHAEL WIEBOLT'
 'MIKE FORMAN' 'MIKKI WARD' 'NADEEM MEGHJI' 'NICOLE GRIMALDI'
 'NISSAN SHAH' 'PAUL GORDON' 'PAUL KOLODZIEJ' 'PAUL QUINLAN'
 'PHIL BATEMAN' 'QAHIR MADHANY' 'RICHARD REYES' 'ROBERT HARPER'
 'RON BERNSTEIN' 'RYAN INGLE' 'SCOTT TREBILCO' 'SEAN MILLIGAN'
 'SIMON WASSERBERGER' 'SPENCER ROSE' ""T. MAX O'NEILL"" 'TOM JACK'
 'TYLER HENRITZE' 'WESLEY LEPATNER' 'WILLIAM J. STEIN']",US BANK CENTRE,1420 5TH AVE,1023998,CORPORATION SERVICE COMPANY,604 467 324,BPP 1420 FIFTH AVE OWNER LLC
269,LOGAN BUILDING LLC,"1215 4TH AVENUE, SUITE 600, SEATTLE, WA, 98161, UNITED STATES",Unico,['UNICO BOUTIQUE OFFICE PORTFOLIO LP'],LOGAN BUILDING,500 UNION ST,135918,CORPORATION SERVICE COMPANY,603 259 948,LOGAN BUILDING LLC
271,LCF DECATUR LLC,"3100 80TH AVE NE, HUNTS POINT, WA, 98004-1012, UNITED STATES",Kenneth Fisher,['CATHERINE FISHER' 'ROBERT WATT III'],DECATUR BUILDING,1511 6TH AVE,127268,,602 604 949,LCF DECATUR LLC
272,"520 PIKE STREET, INC.","45 ROCKEFELLER PLZ FL 7, NEW YORK, NY, 10111-0100, UNITED STATES",Tishman Speyer,['JOSEPH  G DORAN' 'MICHAEL B BENNER' 'ROBERT J SPEYER'],520 PIKE BUILDING,520 PIKE ST,500000,"NATIONAL REGISTERED AGENTS, INC.",602 347 340,520 PIKE STREET INC
273,LBA REALTY LLC,"3347 MICHELSON DR STE 200, IRVINE, CA, 92612-0687, UNITED STATES",LBA Realty,['TOM RUTHERFORD'],4PIKE,1424 4TH AVE,132326,"NATIONAL REGISTERED AGENTS, INC.",602 610 453,LBA REALTY LLC
275,"1415 5TH AVENUE, SEATTLE, LLC","C/O JUNSON CAPITAL, UNITS 5211-12, 52/F, THE CENTER, 99 QUEEN'S ROAD CENTRAL, HONGKONG, HONGKONG, HONGKONG, HONG KONG S.A.R.",,['JUNSON ASSETS MANAGEMENT LLC'],MOTIF SEATTLE,1414 4TH AVE,272787,C T CORPORATION SYSTEM,604 186 121,1415 5TH AVENUE SEATTLE LLC
276,JGB LLC,"1425 4TH AVE # 420, SEATTLE, WA, 98101, UNITED STATES",Urban Renaissance Group,['JAMES WREGGELSWORTH' 'JOSHUA GREEN CORPORATION'],JOSHUA GREEN BUILDING,1425 4TH AVE,109266,PACIFICA LAW GROUP LLP,602 743 791,JGB LLC
278,BRICKMAN VANCE OWNER LLC,"399 PARK AVE, 18TH FLOOR, NEW YORK, NY, 10022, UNITED STATES",Brickman Fund,['GO-BRICKMAN VANCE JV LLC'],VANCE BUILDING,1402 3RD AVE,137500,C T CORPORATION SYSTEM,604 189 238,BRICKMAN VANCE OWNER LLC
279,PIKE STREET INVESTORS LLC,"10 STATE HOUSE SQ FL 15, HARTFORD, CT, 06103-3600, UNITED STATES",Unico,['TPF EQUITY REIT OPERATING PARTNERSHIP LP'],CENTURY SQUARE,1501 4TH AVE,620338,CORPORATION SERVICE COMPANY,602 325 768,PIKE STREET INVESTORS LLC
280,,,,,MELBOURNE TOWER OFF,1511 3RD AVE,130893,,,UNDEFINED
282,,,,,MAIN MARKET,1501 PIKE PL,137400,,,UNDEFINED
284,"REGENCY MERIDIAN, LLC","1111 BROADWAY, OFFICE OF THE CHIEF INVESTMENT OFFICER OF THE REGENTS-UNIVERSITY OF CALIFORINIA, OAKLAND, CA, 94607-4139, UNITED STATES",University of California Pension Fund,['JAGDEEP SINGH BACHHER'],MERIDIAN CENTER EAST,614 PIKE ST,100375,CORPORATION SERVICE COMPANY,603 345 924,REGENCY MERIDIAN L L C
285,UNION SQUARE LIMITED LIABILITY COMPANY,"600 UNIVERSITY ST STE 2820, SEATTLE, WA, 98101-1184, UNITED STATES",Washington Holdings,"['WASHINGTON HOLDINGS, LLC']",TWO UNION SQUARE,601 UNION ST,1215718,"NATIONAL REGISTERED AGENTS, INC.",602 265 343,UNION SQUARE LIMITED LIABILITY COMPANY
286,UNION SQUARE LIMITED LIABILITY COMPANY,"600 UNIVERSITY ST STE 2820, SEATTLE, WA, 98101-1184, UNITED STATES",Washington Holdings,"['WASHINGTON HOLDINGS, LLC']",ONE UNION SQUARE,600 UNIVERSITY ST,757986,"NATIONAL REGISTERED AGENTS, INC.",602 265 343,UNION SQUARE LIMITED LIABILITY COMPANY
287,URG PARK PLACE LLC,"1425 4TH AVE STE 500, SEATTLE, WA, 98101-2264, UNITED STATES",Urban Renaissance Group,['URBAN RENAISSANCE GORUP LLC'],PARK PLACE OFFICE BLDG,1200 6TH AVE,353366,PACIFICA LAW GROUP LLP,604 527 666,URG PARK PLACE LLC
288,"101 STEWART STREET, LLC","222 SOUTH RIVERSIDE PLAZA, 34TH FLOOR, CHICAGO, IL, 60606, UNITED STATES",DWS Group,['TENNESSEE CONSOLIDATED RETIREMENT SYSTEM'],"101 Stewart Street, LLC",101 STEWART ST,100717,C T CORPORATION SYSTEM,604 518 215,101 STEWART STREET LLC
290,,,,,WORLD TRADE CENTER-EAST,2211 ELLIOTT AVE,189629,,,LPF WTC EAST LLC
291,,,,,CENTURYLINK: LENORA MAIN,120 LENORA ST,155500,,,PACIFIC NORTHWEST BELL TELEPHO
292,,,,,TERMINAL SALES OFFICE BUILDING,1932 1ST AVE,102846,,,NET SEATTLE LLC
294,,,,,SECURITIES & MARKET BUILDING CAMPUS,1904 3RD AVE,268832,,,WASHINGTON SECURITITES
295,,,,,300 PINE STREET,300 PINE ST,861702,,,UNDEFINED
297,WASHINGTON STATE CONVENTION CENTER,"800 CONVENTION PLACE, 5TH FLOOR, SEATTLE, WA, 98101, UNITED STATES",Washington State Convention Center Public Facilities District,['ED BARNES' 'JOHN CHRISTENSON' 'LINDA WILLANGER' 'ROBERT FLOWERS'],WASHINGTON STATE CONVENTION CENTER,800 CONVENTION PL,946212,CHIP FIRTH,601 074 722,WASHINGTON STATE CONVENTION CENTER
363,,,,,SEATTLE ART MUSEUM,1300 1ST AVE,280230,,,1301 SECOND AVE LLC
374,SREH 2014 LLC,"1000 2ND AVE STE 1800, SEATTLE, WA, 98104-3619, UNITED STATES",Martin Selig Real Estate,['MARTIN SELIG'],5TH & JACKSON BUILDING,315 5TH AVE S,143508,,603 391 691,SREH 2014 LLC
431,"HUDSON MERRILL PLACE, LLC","11601 WILSHIRE BOULEVARD, NINTH FLOOR, LOS ANGELES, CA, 90025, UNITED STATES",Hudson Pacific Properties,"['HUDSON PACIFIC PROPERTIES, L.P.']",MERRILL PLACE HAMBACH - SELLER BUILDING,411 1ST AVE S,228796,C T CORPORATION SYSTEM,603 368 506,HUDSON MERRILL PLACE L L C
437,"BURKE-STATE BLDG., LLC","316 OCCIDENTAL AVE S, STE 300, SEATTLE, WA, 98104, UNITED STATES","Martin Smith, Inc","['H  MARTIN SMITH, III']",OCCIDENTAL MALL,308 OCCIDENTAL AVE S,164380,FIKSO KRETSCHMER SMITH DIXON ORMSETH PS,601 728 210,BURKE-STATE BLDG LLC
438,IC U.S.A. NO. 8 PROPERTY LIMITED PARTNERSHIP,,,[nan],COURT IN THE SQUARE (Goldsmith & Northcoast),401 2ND AVE S,160580,,602 570 885,IC U S A NO 8 PROPERTY PARTNERSHIP
454,"HUDSON FIRST & KING, LLC","11601 WILSHIRE BOULEVARD, NINTH FLOOR, LOS ANGELES, CA, 90025, UNITED STATES",Hudson Pacific Properties,"['HUDSON PACIFIC PROPERTIES, L.P.']",83 KING STREET,83 S KING ST,204504,C T CORPORATION SYSTEM,603 316 717,HUDSON FIRST & KING LLC
455,"HUDSON FIRST & KING, LLC","11601 WILSHIRE BOULEVARD, NINTH FLOOR, LOS ANGELES, CA, 90025, UNITED STATES",Hudson Pacific Properties,"['HUDSON PACIFIC PROPERTIES, L.P.']",505 FIRST AVENUE BUILDING,505 1ST AVE S,285914,C T CORPORATION SYSTEM,603 316 717,HUDSON FIRST & KING LLC
468,,,,,TASHIRO-KAPLAN BUILDING CONDO/MIXED USE,101 PREFONTAINE PL S,106740,,,UNDEFINED
470,WRI 2200 WESTLAKE LP,"500 N BROADWAY, SUITE 201, JERICHO, NY, 11753, UNITED STATES",Kimco Realty,"['WRI WESTERN RETAIL PARTNERS GP, LLC']",2200 WESTLAKE,2200 WESTLAKE AVE,516407,C T CORPORATION SYSTEM,603 587 485,WRI 2200 WESTLAKE LP
471,505 UNION STATION LLC,"505 5TH AVE S #900, SEATTLE, WA, 98104, UNITED STATES",Vulcan Real Estate,"['CITY INVESTORS MM INC'
 'JO LYNN ALLEN, EXECUTOR OF THE ESTATE OF PAUL G ALLEN']",505 UNION STATION,505 5TH AVE S,312512,C T CORPORATION SYSTEM,602 347 763,505 UNION STATION LTD
472,,,,,RUSSELL INVESTMENTS CENTER,1301 2ND AVE,1295457,,,UNDEFINED
480,UNICO BOP COLMAN BUILDING LLC,"1326 5TH AVE, SUITE 800, SEATTLE, WA, 98101-2627, UNITED STATES",Unico,['UNICO PROPERTIES LLC'],COLMAN BUILDING,811 1ST AVE,166975,CORPORATION SERVICE COMPANY,604 412 880,UNICO BOP COLMAN BUILDING LLC
486,,,,,LEGACY CENTRE & ARBOR PLACE CONDO,2505 2ND AVE,276497,,,UNDEFINED
487,,,,,818 STEWART,818 STEWART ST,237527,,,UNDEFINED
489,,,,,INTERNATIONAL DISTRICT VILLAGE SQUARE 2,701 8TH AVE S,195993,,,UNDEFINED
491,,,,,ONE CONVENTION PLACE,701 PIKE ST,454273,,,SFERS REAL ESTATE CORP FF
505,SELIG HOLDINGS COMPANY L.L.C.,"1000 2ND AVE STE 1800, SEATTLE, WA, 98104-3619, UNITED STATES",Martin Selig Real Estate,['MARTIN SELIG'],3131 ELLIOTT BLDG,3131 ELLIOTT AVE,197203,,602 559 881,SELIG HOLDINGS COMPANY LLC
506,,,,,PIER 69,2611 ALASKAN WAY,187130,,,PORT OF SEATTLE
507,UCP 2401 ELLIOTT LLC,"1215 FOURTH AVENUE, SUITE 600, SEATTLE, WA, 98161, UNITED STATES",Unico,['UNICO PROPERTIES LLC'],WORLD TRADE CENTER NORTH,2401 ELLIOTT AVE,133177,CORPORATION SERVICE COMPANY,604 166 835,UCP 2401 ELLIOTT LLC
509,TILT49 OFFICE DEVELOPERS LLC,"1425 4TH AVE STE 200, SEATTLE, WA, 98101-2274, UNITED STATES",,[' TILT49 MEMBER LLC' ' TOUCHSTONE-URG TILT49 LLC'],51 UNIVERSITY (SCHWABACHER BLDG.),51 UNIVERSITY ST,104823,,603 497 884,TILT49 OFFICE DEVELOPERS LLC
510,,,,,NATIONAL BUILDING,1000 WESTERN AVE,167860,,,STATE OF WASHINGTON
511,BCSP MARITIME BUILDING LLC,"275 E BROAD ST, COLUMBUS, OH, 43215-3703, UNITED STATES",STRS Ohio,"['MATTHEW WORLEY' 'STRS OHIO WA REAL ESTATE INVESTMENTS, LLC']",MARITIME BUILDING,911 WESTERN AVE,211043,CORPORATION SERVICE COMPANY,604 282 227,BCSP MARITIME BUILDING
512,POLSON HOLDINGS LLC,"2101 FOURTH AVENUE, SUITE 310, SEATTLE, WA, 98121, UNITED STATES",Stanley Real Estate,['LOIS MAYERS' 'LORRI A. DUNSMORE'],POLSON BUILDING,71 COLUMBIA ST,112560,STANLEY PIHA,603 591 729,POLSON HOLDINGS LLC
537,SELIG HOLDINGS COMPANY L.L.C.,"1000 2ND AVE STE 1800, SEATTLE, WA, 98104-3619, UNITED STATES",Martin Selig Real Estate,['MARTIN SELIG'],FOURTH & VINE BLDG,2601 4TH AVE,126370,,602 559 881,SELIG HOLDINGS COMPANY LLC
538,SEATTLE CHILDREN'S HOSPITAL,"4800 SAND POINT WAY NE, SEATTLE, WA, 98105-3901, UNITED STATES",,"['COLIN FOX' 'COLLEEN FUKUI-SKETCHLEY' 'CONAN VIERNES' 'DAN LEVITAN'
 'JILL BRUBAKER' 'JOEL FRENCH' 'JOHN SCHOETTLER' 'JUDITH PIERCE'
 'KEN DENMAN' 'KURT SHINTAFFER' 'LOREN ALHADEFF' 'MOYA VASQUEZ'
 'PATRICIA LOERA' 'RACQUEL RUSSELL' 'SUSAN BETCHER' 'TROY HUTSON']",SEATTLE CHILDREN'S HOSPITAL RESEARCH BUILDING #2,1915 TERRY AVE,274362,CORPORATION SERVICE COMPANY,178 019 356,SEATTLE CHILDREN'S HOSPITAL
539,BIT BCAL BLANCHARD PROPERTY LLC,"200 STATE ST, 5TH FLOOR, BOSTON, MA, 02109, UNITED STATES",AFL-CIO Building Investment Trust,['BIT BCAL BLANCHARD JV LLC'],BLANCHARD PLAZA,2201 6TH AVE,261722,C T CORPORATION SYSTEM,604 361 055,BIT BCAL BLANCHARD PROPERTY LLC
540,,,,,ACTIVE VOICE  BUILDING (FORMERLY SIXTH & LENORA),2033 6TH AVE,169020,,,CLISE INC & HAMMER CO LLP
541,2001 SIXTH LLC,"1700 7TH AVE STE 1800, SEATTLE, WA, 98101, UNITED STATES",Digital Realty,['2001 SIXTH HOLDINGS LLC' 'A M CLISE'],THE WESTIN BUILDING EXCHANGE (Office),2001 6TH AVE,429405,"NATIONAL REGISTERED AGENTS, INC.",602 745 341,2001 SIXTH LLC
542,"PPF OFF 720 OLIVE WAY, LLC","3280 PEACHTREE ROAD, NE, 20TH FLOOR, ATLANTA, GA, 30305, UNITED STATES",PPF Group (through subsidiary PPF Real Estate Holding),"['PPF OFF, LLC']",720 OLIVE BLDG,720 OLIVE WAY,293737,C T CORPORATION SYSTEM,604 288 094,PPF OFF 720 OLIVE WAY LLC
543,"MDB LANDMARK, LLC","621 SW ALDER ST STE 800, PORTLAND, OR, 97205-3623, UNITED STATES",Menashe Properties,['JORDAN MENASHE' 'JORDAN MENASHE'],MEDICAL DENTAL BUILDING,509 OLIVE WAY,335064,"UNISEARCH, INC.",604 488 379,MDB LANDMARK LLC
546,,,,,PACIFIC PLACE,600 PINE ST,507802,,,UNDEFINED
548,,,,,TWO PINE,1601 2ND AVE,132998,,,LBR RV-COMPANY XXVIII LP
552,,,,,FINANCIAL CENTER,1215 4TH AVE,387655,,,UNIVERSITY OF WASHINGTON
553,"DP BUNKER HILL, LLC","818 W 7TH ST STE 410, LOS ANGELES, CA, 90017-3463, UNITED STATES",,['VALERIE YIP'],SEATTLE TOWER,1218 3RD AVE,203251,"NATIONAL REGISTERED AGENTS, INC.",603 545 500,DP BUNKER HILL LLC
554,"EXPEDITORS INTERNATIONAL OF WASHINGTON, INC.","1015 THIRD AVE, SEATTLE, WA, 98104, UNITED STATES",Expeditors International,"['BENJAMIN CLARK' 'BENJAMIN CLARK' 'BENJAMIN CLARK' 'BENJAMIN CLARK'
 'BRADLEY POWELL' 'BRADLEY POWELL' 'BRADLEY POWELL' 'BRADLEY POWELL'
 'CHRISTOPHER MCCLINCY' 'CHRISTOPHER MCCLINCY' 'CHRISTOPHER MCCLINCY'
 'CHRISTOPHER MCCLINCY' 'DANIEL WALL' 'DANIEL WALL' 'DANIEL WALL'
 'DANIEL WALL' 'DIANE GULYAS' 'DIANE GULYAS' 'DIANE GULYAS' 'DIANE GULYAS'
 'EUGENE ALGER' 'EUGENE ALGER' 'EUGENE ALGER' 'EUGENE ALGER'
 'JAMES DUBOIS' 'JAMES DUBOIS' 'JAMES DUBOIS' 'JAMES DUBOIS'
 'JEFFREY DICKERMAN' 'JEFFREY DICKERMAN' 'JEFFREY DICKERMAN'
 'JEFFREY DICKERMAN' 'JEFFREY MUSSER' 'JEFFREY MUSSER' 'JEFFREY MUSSER'
 'JEFFREY MUSSER' 'LIANE PELLETIER' 'LIANE PELLETIER' 'LIANE PELLETIER'
 'LIANE PELLETIER' 'MARK EMMERT' 'MARK EMMERT' 'MARK EMMERT' 'MARK EMMERT'
 'RICHARD ROSTAN' 'RICHARD ROSTAN' 'RICHARD ROSTAN' 'RICHARD ROSTAN'
 'ROBERT CARLILE' 'ROBERT CARLILE' 'ROBERT CARLILE' 'ROBERT CARLILE']",1200 3RD AVENUE,1200 3RD AVE,189175,"REGISTERED AGENT SOLUTIONS, INC.",600 335 063,EXPEDITORS INTERNATIONAL OF WASHINGTON INC
555,"EXPEDITORS INTERNATIONAL OF WASHINGTON, INC.","1015 THIRD AVE, SEATTLE, WA, 98104, UNITED STATES",Expeditors International,"['BENJAMIN CLARK' 'BENJAMIN CLARK' 'BENJAMIN CLARK' 'BENJAMIN CLARK'
 'BRADLEY POWELL' 'BRADLEY POWELL' 'BRADLEY POWELL' 'BRADLEY POWELL'
 'CHRISTOPHER MCCLINCY' 'CHRISTOPHER MCCLINCY' 'CHRISTOPHER MCCLINCY'
 'CHRISTOPHER MCCLINCY' 'DANIEL WALL' 'DANIEL WALL' 'DANIEL WALL'
 'DANIEL WALL' 'DIANE GULYAS' 'DIANE GULYAS' 'DIANE GULYAS' 'DIANE GULYAS'
 'EUGENE ALGER' 'EUGENE ALGER' 'EUGENE ALGER' 'EUGENE ALGER'
 'JAMES DUBOIS' 'JAMES DUBOIS' 'JAMES DUBOIS' 'JAMES DUBOIS'
 'JEFFREY DICKERMAN' 'JEFFREY DICKERMAN' 'JEFFREY DICKERMAN'
 'JEFFREY DICKERMAN' 'JEFFREY MUSSER' 'JEFFREY MUSSER' 'JEFFREY MUSSER'
 'JEFFREY MUSSER' 'LIANE PELLETIER' 'LIANE PELLETIER' 'LIANE PELLETIER'
 'LIANE PELLETIER' 'MARK EMMERT' 'MARK EMMERT' 'MARK EMMERT' 'MARK EMMERT'
 'RICHARD ROSTAN' 'RICHARD ROSTAN' 'RICHARD ROSTAN' 'RICHARD ROSTAN'
 'ROBERT CARLILE' 'ROBERT CARLILE' 'ROBERT CARLILE' 'ROBERT CARLILE']",1015 THIRD AVENUE BLDG - EXPEDITORS INTERNATIONAL,1015 3RD AVE,219095,"REGISTERED AGENT SOLUTIONS, INC.",600 335 063,EXPEDITORS INTERNATIONAL OF WA INC
556,VIRGINIA STREET JOINT VENTURE LLC,"2107 ELLIOTT AVE STE 303, SEATTLE, WA, 98121-2159, UNITED STATES",Martin Smith Inc,['THIRD AND VIRGINIA HOLDINGS LLC'],1201 WESTERN BUILDING,1201 WESTERN AVE,122356,"UNISEARCH, INC.",604 063 765,VIRGINIA STREET JOINT VENTURE LLC
558,"TEMASEK, L.L.C.","601 UNION ST, SUITE 4100, SEATTLE, WA, 98101-1368, UNITED STATES",Temasek Holdings,['HOOI CHAY PHNG'],HOGE BUILDING,705 2ND AVE,116640,"WKG, INC.",601 930 871,TEMASEK L L C
559,BPP 800 FIFTH PROPERTY OWNER LLC,"233 S WACKER DR, SUITE 4700, CHICAGO, IL, 60606-6332, UNITED STATES",The Blackstone Group,"['A.J. AGARWAL' 'ADAM LESLIE' 'AMANDA BATES' 'AMY SMITH' 'ANDREA DRASITES'
 'ANNA STOKES' 'ANTHONY BEOVICH' 'ANTHONY F. MARONE, JR.' 'ASIM HAMID'
 'BPP 800 FIFTH MEZZ LLC' 'BRENDA HARALDSTAD' 'BRENDAN MCCRACKEN'
 'BRENDAN MCINTEE' 'BRIAN KAUFMAN' 'BRIAN KIM' 'BRIAN LIN'
 'BRITTON DERKAC' 'CHAO YAN' 'CHARLIE HOBEY' 'CHRIS GRAHAM'
 'DANIELLE SANDS' 'DAVID LEVINE' 'DAVID MOORE' ""DAVID O'NEILL""
 'DEONDRA CEPHUS' 'DOUG ARMER' 'ERIC LEANER' 'ERIC WU' 'FRANK COHEN'
 'FRANK R. CAMPBELL' 'GIOVANNI CUTAIA' 'GLEN BARTLEY' 'IVY ISRAEL'
 'JACOB WERNER' 'JEFF NIRENBERG' 'JIM ANDERSON' 'JOHN PRETE'
 'JOSEPH ROCCO' 'JOSEPH VALANE' 'JOSHUA CARSON' 'KAREN SPROGIS'
 'KATHLEEN MCCARTHY' 'KENNETH A. CAPLAN' 'LAKECIA STANFORD' 'LAUREN SOZIO'
 'LEON VOLCHYOK' 'LESLIE ROBELLY' 'MARC LENIHAN' 'MARIKAY KLANK'
 'MARK HUDSPETH' 'MARSHALL NEVINS' 'MELISSA PIANKO' 'MICHAEL ANTHONY'
 'MICHAEL BERINGER' 'MICHAEL LASCHER' 'MICHAEL WIEBOLT' 'MIKE FORMAN'
 'MIKKI WARD' 'NADEEM MEGHJI' 'NICOLE GRIMALDI' 'NICOLE LALICH'
 'NISSAN SHAH' 'PAUL GORDON' 'PAUL KOLODZIEJ' 'PAUL QUINLAN'
 'PHIL BATEMAN' 'QAHIR MADHANY' 'RICHARD REYES' 'ROBERT HARPER'
 'RON BERNSTEIN' 'RYAN INGLE' 'SCOTT TREBILCO' 'SIMON WASSERBERGER'
 'SPENCER ROSE' 'STEVEN HAMILTON' ""T. MAX O'NEILL"" 'TIM MARCHAL'
 'TOM JACK' 'TYLER HENRITZE' 'WESLEY LEPATNER' 'WILLIAM J. STEIN'
 'ZACH ZABROWSKI']",BANK OF AMERICA FIFTH AVENUE PLAZA,800 5TH AVE,1047934,CORPORATION SERVICE COMPANY,604 371 982,BPP 800 FIFTH PROPERTY OWNER LLC
561,BRICKMAN PACIFIC LLC,"C/O BRICKMAN, ONCE GREENWICH OFFICE PARK, BUILDING 1N, SUITE 175, GREENWICH, CT, 06831, UNITED STATES",Brickman Fund,['BRICKMAN FUND VI REIT INC.'],PACIFIC BUILDING,720 3RD AVE,129000,C T CORPORATION SYSTEM,603 445 367,BRICKMAN PACIFIC LLC
562,"GC COLUMBIA TRS, LLC","818 W 7TH ST STE 410, 818 W. 7TH STREET, STE 410, LOS ANGELES, CA, 90017-3463, UNITED STATES",Gaw Capital,"['GC COLUMBIA, LLC']",COLUMBIA CENTER,701 5TH AVE,1632820,C T CORPORATION SYSTEM,604 304 584,GC COLUMBIA LLC
566,,,,,ADMINISTRATION BUILDING - KING COUNTY,500 4TH AVE,224857,,,UNDEFINED
567,,,,,KING STREET CENTER,201 S JACKSON ST,321473,,,KING COUNTY
594,300 FIFTH AVENUE LLC,"1000 2ND AVE STE 1800, SEATTLE, WA, 98104-3619, UNITED STATES",Martin Selig Real Estate,['JOHN M. GREELEY' 'MARTIN SELIG'],FIFTH & YESLER BLDG.,300 5TH AVE,275166,,604 670 512,300 FIFTH AVENUE LLC
643,,,,,THE COBB APARTMENTS,1326 5TH AVE,321945,,,UNIVERSITY OF WASHINGTON
670,,,,,AVENUE ONE CONDOMINIUM,2721 1ST AVE,120405,,,UNDEFINED
681,1200 HOWELL STREET LLC,"1924 1ST AVE STE 300, SEATTLE, WA, 98101-4802, UNITED STATES",Burrard,['BURRARD DEVELOPMENT LLC'],BALFOUR PLACE APTS,1820 MINOR AVE,114212,"SW&W REGISTERED AGENTS, INC.",603 485 893,1200 HOWELL STREET LLC
689,,,,,BELLORA,2716 ELLIOTT AVE,105707,,,UNDEFINED
693,,,,,THE AUDREY AT BELLTOWN,2922 WESTERN AVE,135433,,,BRE-FMCA LLC
698,,,,,GOODWILL LANE ST,1400 S LANE ST,164391,,,UNDEFINED
703,,,,,BAY VISTA RESIDENTIAL TOWER,2821 2ND AVE,167941,,,UNDEFINED
715,,,,,OLYMPUS APTS,2801 ELLIOTT AVE,409137,,,EQR/LEGACY PARTNERS (1999) TOWERS
777,,,,,CENTENNIAL TOWER APTS,2515 4TH AVE,226500,,,EQR CENTENNIAL TOWER LLC
778,,,,,COURT AT CENTENNIAL APTS,2500 3RD AVE,142497,,,EQR CENTENNIAL COURT LLC
779,,,,,MODA APTS,2312 3RD AVE,143183,,,EQR-MODA I LLC+EQR-MODA II LLC
786,1942 WESTLAKE LP,"10900 NE 4TH ST STE 1440, BELLEVUE, WA, 98004-5873, UNITED STATES",Continental Properties LLC,['CPI 1942 WESTLAKE LLC' 'CPI 1942 WESTLAKE LLC'],METROPOLITAN TOWER,1942 WESTLAKE AVE,538339,"UNISEARCH, INC.",604 488 643,1942 WESTLAKE LP
792,2900 ON FIRST APARTMENTS LLC,"777 CALIFORNIA AVE STE 100, PALO ALTO, CA, 94304-1199, UNITED STATES",Pacific Urban Investors,['PACIFIC MULTIFAMILY INVESTORS LLC'],TWENTY NINE HUNDRED ON FIRST,2900 1ST AVE,129092,C T CORPORATION SYSTEM,604 936 688,2900 ON FIRST APARTMENTS LLC
793,,,,,Arrivé | Sound Hotel,2116 4TH AVE,442703,,,SEATTLE TOWER I LLC
799,,,,,FOUNTAIN COURT,2400 4TH AVE,254309,,,ESSEX PORTFOLIO LP
800,,,,,SIDNEY APARTMENTS,400 WALL ST,119764,,,SOMERSET GREEN TOWNHOUSES ASSOCIATES L L C
806,,,,,SKYE AT BELLTOWN,500 WALL ST,326619,,,STATE OF WASHINGTON
810,,,,,BELLTOWN COURT CONDOMINIUM,2400 1ST AVE,224732,,,UNDEFINED
854,"MMP OLIVIAN OWNER, LLC","1 METLIFE WAY, WHIPPANY, NJ, 07981-1449, UNITED STATES",Metlife Investment Management,"['MMP OLIVIAN REIT, LLC']",THE OLIVIAN,809 OLIVE WAY,340214,C T CORPORATION SYSTEM,604 555 999,MMP OLIVIAN OWNER LLC
855,,,,,TOWER 801,801 PINE ST,140241,,,TOWER 801 LLC +PACIFIC MULTIFAMILY INVESTORS LLC
871,T-C ASPIRA LLC,"730 3RD AVE, MS: 730/12/02, NEW YORK, NY, 10017, UNITED STATES",TIAA CREF,['NUVEEN ALTERNATIVES ADVISORS LLC'],ASPIRA - APARTMENTS,1823 TERRY AVE,371539,CORPORATION SERVICE COMPANY,603 251 720,T-C ASPIRA LLC
942,,,,,HOTEL ANDRA,2000 4TH AVE,104000,,,UNDEFINED
988,,,,,CEDARS APARTMENTS (BELLTOWN),2615 1ST AVE,132358,,,CEDARS LLC
1054,,,,,CONCORD CONDOMINIUM,2929 1ST AVE,219874,,,UNDEFINED
1056,,,,,CONTINENTAL PLACE CONDOMINIUM,2125 1ST AVE,190610,,,UNDEFINED
1060,,,,,COSMOPOLITAN,819 VIRGINIA ST,299755,,,UNDEFINED
1084,,,,,CRISTALLA CONDOMINIUM,2033 2ND AVE,246019,,,STATE OF WASHINGTON
1120,,,,,JOSEPHINUM,1902 2ND AVE,148219,,,CITY OF SEATTLE
1270,"EQR-HARBOR STEPS, L.L.C.","TWO NORTH RIVERSIDE PLAZA, SUITE 400, CHICAGO, IL, 60606, UNITED STATES",Equity Residential,"['EQR-HARBOR STEPS MEMBER, L.L.C.']",HARBOR STEPS NE SITE,1221 1ST AVE,970647,C T CORPORATION SYSTEM,602 519 982,EQR-HARBOR STEPS LLC
1399,,,,,FIFTEEN TWENTY-ONE SECOND AVENUE,1521 2ND AVE,330433,,,UNDEFINED
1400,,,,,5TH AND MADISON-Residential Portion,909 5TH AVE,170000,,,UNDEFINED
1423,,,,,GRIFFIS BELLTOWN APARTMENTS,2400 ELLIOTT AVE,214625,,,2400 ELLIOTT LLC
1427,,,,,ESCALA,1920 4TH AVE,480789,,,BRADDOCK LORNE SCOTT
1453,,,,,FIRST AND BROAD CONDO (ELLINGTON),2801 1ST AVE,235003,,,UNDEFINED
1476,,,,,GALLERY BELLTOWN,2911 2ND AVE,224105,,,UNDEFINED
1520,,,,,FLORENTINE CONDOMINIUM,536 1ST AVE S,201656,,,UNDEFINED
1595,,,,,GRANDVIEW CONDOMINIUM,2201 3RD AVE,117069,,,UNDEFINED
1657,,,,,HARBOUR HEIGHTS CONDOMINIUM,2621 2ND AVE,125258,,,UNDEFINED
1751,,,,,SEABOARD BUILDING CONDOMINIUM,1500 4TH AVE,111137,,,UNDEFINED
1753,,,,,SEATTLE HEIGHTS CONDOMINIUM,2600 2ND AVE,255205,,,3RD & CEDAR LLC
1807,,,,,TOBIRA,108 5TH AVE S,109284,,,UNDEFINED
1849,,,,,SITE 17,2440 WESTERN AVE,139301,,,UNDEFINED
2072,,,,,GRIDIRON CONDOS (STADIUM LOFTS),589 OCCIDENTAL AVE S,134992,,,UNDEFINED
2256,,,,,KLEE CONDOMINIUM,2701 WESTERN AVE,162865,,,UNDEFINED
2284,,,,,OLIVE 8 (MIXED USE),737 OLIVE WAY,563373,,,UNDEFINED
2319,,,,,ONE PACIFIC TOWERS CONDOMINIUM,2000 1ST AVE,146914,,,UNDEFINED
2326,,,,,VINE BUILDING THE,2607 WESTERN AVE,205779,,,UNDEFINED
2331,,,,,MARKET PLACE NORTH PHASE I CONDOMINIUM,2003 1ST AVE,185506,,,UNDEFINED
2367,,,,,WATERFRONT LANDINGS CONDOMINIUM,2000 ALASKAN WAY,301229,,,UNDEFINED
2368,,,,,WATERFRONT PLACE BUILDING MIXED USE CONDOMINIUM,1009 WESTERN AVE,224493,,,UNDEFINED
2392,,,,,TRIO,3104 WESTERN AVE,108959,,,UNDEFINED
2497,,,,,2201 WESTLAKE ENSO CONDOMINIUMS,820 BLANCHARD ST,323192,,,UNDEFINED
2552,,,,,WATERMARK TOWER,1107 1ST AVE,195788,,,UNDEFINED
2677,223 YESLER LLLP,"1253 S JACKSON ST STE A, SEATTLE, WA, 98144-3075, UNITED STATES",Low Income Housing Institute (LIHI),['223 YESLER GP LLC' '223 YESLER GP LLC'],FRYE APARTMENTS,223 YESLER WAY,166471,"UNISEARCH, INC.",604 269 683,223 YESLER LLLP
2681,GRE DOWNTOWNER LLC,"2801 ALASKAN WAY STE 310, SEATTLE, WA, 98121-1135, UNITED STATES",Goodman Real Estate,['JOHN GOODMAN'],DOWNTOWNER APARTMENTS,308 4TH AVE S,142510,"NATIONAL REGISTERED AGENTS, INC.",603 044 709,GRE DOWNTOWNER LLC
2700,,,,,THE LASALLE,1430 WESTERN AVE,132150,,,UNDEFINED
2723,FAIRFIELD WASHINGTON TERRACE LP,"5355 MIRA SORRENTO PL, SUITE 100, SAN DIEGO, CA, 92121-3803, UNITED STATES",Fairfield,['FRH WASHINGTON TERRACE LLC' 'FRH WASHINGTON TERRACE LLC'],WASHINGTON TERRACE APTS,609 YESLER WAY,107312,CORPORATION SERVICE COMPANY,604 530 063,FAIRFIELD WASHINGTON TERRACE LP
2757,,,,,NEWMARK TOWER CONDOMINIUM (MULTIFAMILY PORTION),1415 2ND AVE,174428,,,UNDEFINED
2772,,,,,UWAJIMAYA VILLAGE,512 S WELLER ST,223150,,,UNDEFINED
2785,,,,,FOUR SEASONS HOTEL & 99 UNION STREET PRIVATE RESIDENCES,99 UNION ST,401964,,,UNDEFINED
2797,TRPF MILLENNIUM TOWER LLC,"730 3RD AVE, MS:730/12/02, NEW YORK, NY, 10017-3206, UNITED STATES",TIAA CREF,['TIAA-CREF REAL PROPERTY FUND REIT LLC'],MILLENNIUM TOWER COMMERCIAL PORTION ONLY,719 2ND AVE,227978,CORPORATION SERVICE COMPANY,604 193 771,TRPF MILLENNIUM TOWER LLC
2808,,,,,ROYAL CREST CONDOMINIUM,2100 3RD AVE,187080,,,UNDEFINED
2828,,,,,MOSLER LOFTS,2720 3RD AVE,175353,,,UNDEFINED
2844,,,,,PARC-BELLTOWN,76 CEDAR ST,187139,,,UNDEFINED
2923,,,,,HOTEL 1000,1000 1ST AVE,370327,,,UNDEFINED
3047,S-QOZB LLC,"701 5TH AVE STE 6400, SEATTLE, WA, 98104-7100, UNITED STATES",Urban Visions,"['ALSON, COURTNAGE & BASSETTI LLP' 'URBAN VISIONS MANAGEMENT LLC']",MORRISON HOTEL LLC,501 3RD AVE,139860,C T CORPORATION SYSTEM,604 387 188,S-QOZB LLC
3055,,,,,605 UNION STATION,605 5TH AVE S,268130,,,GATEWAY KING LLC
3057,,,,,705 UNION STATION,705 5TH AVE S,273185,,,GATEWAY KING LLC
3064,,,,,ALTO APARTMENTS LLC - (2014),311 CEDAR ST,141084,,,ALTO 92 OWNER LP
3069,,,,,BAY VISTA OFFICE BUILDING,2815 2ND AVE,119701,,,UNDEFINED
3076,TARGET CORPORATION,"1000 NICOLLET MALL, MINNEAPOLIS, MN, 55403-2542, UNITED STATES",Target Corporation,['ANTHONY HEREDIA'],PIKE PLAZA - TARGET STORE,1401 2ND AVE,103000,C T CORPORATION SYSTEM,601 007 793,TARGET CORPORATION
3144,,,,,VIA 6 APARTMENTS,2121 6TH AVE,555112,,,CITY OF SEATTLE
3149,,,,,THE POST AT PIER 52 APTS,888 WESTERN AVE,120836,,,888 WESTERN AVENUE LLC
3161,,,,,MARKET PLACE TOWER,2025 1ST AVE,236995,,,PRISA MARKET PLACE TOWER WA LLC % PREI LAW DEPT
3173,,,,,THE MARTIN APARTMENTS,2105 5TH AVE,295754,,,MARTIN APARTMENTS LLC
3186,RISE-CG JA LOFTS LIMITED PARTNERSHIP,"1518 1ST AVE S STE 500, SEATTLE, WA, 98134-1456, UNITED STATES",Rise Properties Trust,"['JA LOFTS HOLDINGS, LLC']",JOSEPH ARNOLD LOFTS,62 CEDAR ST,161722,"TRUSTEE AND CORPORATE SERVICES, INC.",604 523 841,RISE-CG JA LOFTS LIMITED PARTNERSHIP
3206,VIKTORIA SEATTLE LLC,"10100 SANTA MONICA BOUELVARD SUITE 420, LOS ANGELES, CA, 90067, UNITED STATES",Greystar Real Estate Partners,['FREEDONIA REALTY LLC'],VIKTORIA APARTMENTS,1915 2ND AVE,194530,"NATIONAL REGISTERED AGENTS, INC.",603 505 061,VIKTORIA SEATTLE LLC
3222,,,,,Verve Apartments,2720 4TH AVE,146203,,,VERVE KS LLC +VERVE RAY LLC
3223,NINTH AND LENORA LLC,"125 HIGH STREET, HIGH STREET TOWER, 27TH FLOOR, BOSTON, MA, 02110, UNITED STATES",GID,['NINTH AND LENORA JV LLC'],STRATUS APARTMENTS- MIXED USE,2101 9TH AVE,482600,C T CORPORATION SYSTEM,603 427 336,NINTH AND LENORA LLC
3228,AGC ARTHOUSE OWNER LLC,"C/O ANGELO, GORDON & CO., L.P., 245 PARK AVENUE, 26TH FLOOR, NEW YORK, NY, 10167, UNITED STATES",Angelo Gordon Co.,['AGC ARTHOUSE PARENT LLC'],ARTHOUSE APARTMENTS,2334 ELLIOTT AVE,109745,C T CORPORATION SYSTEM,604 811 933,AGC ARTHOUSE OWNER LLC
3263,,,,,STADIUM PLACE  (THE WAVE & THE NOLO),201 S KING ST,490593,,,UNDEFINED
3264,,,,,DIMENSION BY ALTA APTS,225 CEDAR ST,193927,,,DIMENSION SEATTLE INC
3280,"HART PINE, LLC","191 N WACKER DR STE 2500, CHICAGO, IL, 60606-1885, UNITED STATES",Heitman Investment,"['HEITMAN AMERICA REAL ESTATE HOLDING, L.P.' 'HELEN GARRAHY']",PREMIERE ON PINE,815 PINE ST,379494,C T CORPORATION SYSTEM,603 519 213,HART PINE LLC
3293,,,,,WALTON LOFTS,2521 WESTERN AVE,123686,,,COLUMBIA WASHINGTON WALTON LOFTS RESIDENTIAL PROPERTIES LLC
3298,1821 BOREN AVENUE LLC,"925 4TH AVE STE 3900, SEATTLE, WA, 98104-1113, UNITED STATES",Union Investment,['ANDREA GRIGG' 'ANDREAS FISCHER'],HILTON GARDEN INN,1821 BOREN AVE,144614,"NATIONAL REGISTERED AGENTS, INC.",604 097 725,1821 BOREN AVENUE LLC
3299,"HUDSON 1099 STEWART STREET, LLC","11601 WILSHIRE BOULEVARD, NINTH FLOOR, LOS ANGELES, CA, 90025, UNITED STATES",Hudson Pacific Properties,"['HUDSON 1099 STEWART REIT, LLC']",HILL 7 OFFICE BLDG,1099 STEWART ST,300115,C T CORPORATION SYSTEM,604 037 980,HUDSON 1099 STEWART STREET LLC
3314,WINDSOR ADVISERS 2030 EIGHTH AVENUE LLC,"125 HIGH STREET, HIGH STREET TOWER, 27TH FLOOR, BOSTON, MA, 02110, UNITED STATES",GID,['GID EC INCENTIVE LLC' 'GID EXECUTIVE INCENTIVE LLC' 'WINDSOR DT LLC'],CIRRUS,2030 8TH AVE,277566,C T CORPORATION SYSTEM,604 200 365,WINDSOR ADVISERS 2030 EIGHTH AVENUE LLC
3328,,,,,CORNISH SCHL STUDENT HSNG,2025 TERRY AVE,137753,,,CITY OF SEATTLE
3342,,,,,MADISON CENTER,920 5TH AVE,788000,,,BXP MADISON CENTRE I LLC (UND 70%)+BXP MADISON CENTRE II LLC (UND 30%(TNTS IN CMN)
3345,"EQR-SECOND AND PINE, LLC","TWO NORTH RIVERSIDE PLAZA, SUITE 400, CHICAGO, IL, 60606, UNITED STATES",Equity Residential,"['ERP OPERATING LIMITED PARTNERS, HIP']",HELIOS APTS,1600 2ND AVE,432000,C T CORPORATION SYSTEM,603 226 168,EQR-SECOND AND PINE LLC
3359,ACORN DEVELOPMENT LLC,"410 TERRY AVENUE  NORTH, SEATTLE, WA, 98103, UNITED STATES",Amazon,['JOHN SCHOETTLER' 'KURT LAMP' 'MICHAEL DEAL'],AMAZON DOPPLER BUILDING,2021 7TH AVE,1076961,CORPORATION SERVICE COMPANY,603 183 512,ACORN DEVELOPMENT LLC
3381,,,,,WEYERHAEUSER HQ,200 OCCIDENTAL AVE S,188816,,,NOT FOUND
3387,MIDTOWN21 LLC,"925 4TH AVE STE 3900, SEATTLE, WA, 98104-1113, UNITED STATES",Union Investment / Bankhaus Metzler,['ANDREAS FISCHER' 'BEAU AUGUST' 'MATTHEW ARNOLDY' 'STUART GORDON'],MIDTOWN 21 (AMAZON),1007  STEWART ST,361575,NATIONAL REGISTERED AGENTS INC,604 129 091,MIDTOWN21 LLC
3395,M. J. LEHMANN DESCENDANTS LLC,"4903 DOON WAY, ANACORTES, WA, 98221-2905, UNITED STATES",M.J. Lehman Descendants,['SUZANNE SANDERSON'],CYRENE,50 UNIVERSITY ST,161011,,602 095 499,M J  LEHMAN DESCENDANTS LLC
3396,,,,,TILT 49 (OFFICE PORTION),1812 BOREN AVE,305542,,,UNDEFINED
3401,,,,,THOMPSON SEATTLE HOTEL + SEQUEL APTS,110 STEWART ST,208664,,,ODGAARD PEDER R+ODGAARD FAMILY TRUST
3406,PUBLIC STORAGE,"701 WESTERN AVE, SUITE 200, GLENDALE, CA, 91201-2349, UNITED STATES",Public Storage,['DREW ADAMS' 'NATHAN VITAN' 'TERRANCE F. SPIDELL'],PUBLIC STORAGE (STORE 29233),1200 S DEARBORN ST,201505,CORPORATION SERVICE COMPANY,602 740 958,PUBLIC STORAGE
3408,GRE DOWNTOWNER LLC,"2801 ALASKAN WAY STE 310, SEATTLE, WA, 98121-1135, UNITED STATES",Goodman Real Estate,['JOHN GOODMAN'],ICON APARTMENTS,400 S JACKSON ST,101367,"NATIONAL REGISTERED AGENTS, INC.",603 044 709,GRE DOWNTOWNER LLC
3414,,,,,INSIGNIA CONDOS,588 BELL ST,995234,,,UNDEFINED
3422,WA TOWER 12 APARTMENTS LLC,"9757 NE JUANITA DR STE 300, KIRKLAND, WA, 98034-4291, UNITED STATES",Weidner Apartment Homes,['W. DEAN WEIDNER'],TOWER 12,2015 2ND AVE,412344,"WEIDNER INVESTMENT SERVICES, INC.",604 172 610,WA TOWER 12 APARTMENTS LLC
3424,ACORN DEVELOPMENT LLC,"410 TERRY AVENUE  NORTH, SEATTLE, WA, 98103, UNITED STATES",Amazon,['JOHN SCHOETTLER' 'KURT LAMP' 'MICHAEL DEAL'],DAY 1 TOWER AND SPHERES (Amazon),2101 7TH AVE,1077435,CORPORATION SERVICE COMPANY,603 183 512,ACORN DEVELOPMENT LLC
3430,,,,,KINECTS TOWER,1823 MINOR AVE,512983,,,1823 MINOR WPT LLC +1823 MINOR MM LLC
3439,"DC SEATTLE 1 PROPERTY, LLC","5314 RIVER RUN DR STE 330, PROVO, UT, 84604-5692, UNITED STATES",,['ADAM RICKS' 'NATHAN TAYLOR'],THE CHARTER HOTEL,1610 2ND AVE,185492,"UNIVERSAL REGISTERED AGENTS, INC.",604 953 695,DC SEATTLE 1 PROPERTY LLC
3455,SEATTLE FUNDING CORP.,"68 S SERVICE RD STE 120, MELVILLE, NY, 11747-2350, UNITED STATES",,"['Bernard J. Angelo' 'Damian A. Perez' 'Jill A Matarese'
 'Kevin J. Corrigan' 'Kevin P. Burns' 'Nigel Bisnath' ""Timothy O'Connor""]",MARRIOTT RESIDENCE INN CONVENTION CENTER,1815 TERRY AVE,186429,COGENCY GLOBAL INC.,604 373 748,SEATTLE FUNDING CORP
3471,"HUDSON MERRILL PLACE, LLC","11601 WILSHIRE BOULEVARD, NINTH FLOOR, LOS ANGELES, CA, 90025, UNITED STATES",Hudson Pacific Properties,"['HUDSON PACIFIC PROPERTIES, L.P.']",450 ALASKAN,76 S KING ST,181290,C T CORPORATION SYSTEM,603 368 506,HUDSON MERRILL PLACE L L C
3474,,,,,TILT 49 (MULTIFAMILY PORTION),1812 BOREN AVE,424994,,,UNDEFINED
3483,,,,,O2 Apartments,2401 3RD AVE,141619,,,CHAINQUI DEVELOPMENT BELLTOWN LLC
3484,2202 EIGHTH AVENUE LLC,"1700 7TH AVE STE 1800, SEATTLE, WA, 98101, UNITED STATES",Clise Properties,['CLISE VENTURE THREE LLC'],MCKENZIE,2202 8TH AVE,487234,A. M. CLISE,603 550 293,2202 EIGHTH AVENUE LLC
3506,,,,,EMBASSY SUITES- DOWNTOWN SEATTLE,255 S KING ST,510999,,,255 SOUTH KING STREET LP
3529,HANA PLACE SEATTLE LLC,"701 5TH AVE STE 5700, SEATTLE, WA, 98104-7014, UNITED STATES",Security Properties,['HANA PLACE JV LLC'],HANA APTS,101 6TH AVE S,133638,SECURITY PROPERTIES INC,604 429 817,HANA PLACE SEATTLE LLC
3565,PR 1430 SECOND LLC,"655 BROAD STREET, 14TH FLOOR, NEWARK, NJ, 07102, UNITED STATES",PGIM,"['PRISA LHC, LLC']",WEST EDGE TOWER,1430 2ND AVE,477543,C T CORPORATION SYSTEM,604 855 791,PR 1430 SECOND LLC
3566,,,,,F5 Tower,801 5TH AVE,786812,,,NOT FOUND
3569,,,,,THE ELARA,2134 WESTERN AVE,126925,,,CITY OF SEATTLE
3570,"HT-SEATTLE OWNER, LLC","217 PINE ST STE 200, SEATTLE, WA, 98101-1591, UNITED STATES",,['DAVID THYER' 'R.C. HEDREEN CO' 'RICHARD HEDREEN' 'ZAHOOR AHMED'],HYATT REGENCY SEATTLE,808 HOWELL ST,1062251,"TRUSTEE AND CORPORATE SERVICES, INC.",604 032 015,HT-SEATTLE OWNER LLC
3584,,,,,THAI BINH,901 S JACKSON ST,212082,,,NOT FOUND
3595,,,,,AVALON BELLTOWN TOWERS,210 WALL ST,316083,,,AVALON 210 WALL LLC
3596,ACORN DEVELOPMENT LLC,"410 TERRY AVENUE  NORTH, SEATTLE, WA, 98103, UNITED STATES",Amazon,['JOHN SCHOETTLER' 'KURT LAMP' 'MICHAEL DEAL'],AMAZON REINVENT TOWERS (EAST + WEST),2100 7TH AVE,1124950,CORPORATION SERVICE COMPANY,603 183 512,ACORN DEVELOPMENT LLC
