,SearchTerm,BusinessName,PotentialRelatedCompany,UBINumber,BusinessId,Address,Status,Principals,isMatch,notes
0,1821 BOREN AVENUE LLC,1821 BOREN AVENUE LLC,HILL7 CONDOMINIUM ASSOCIATION,603 313 323,742761,"411 1ST AVE S STE 210, SEATTLE, WA, 98104-3831, UNITED STATES",Active,"['ANDREA GRIGG', 'JENNIE DORSETT', 'TABITHA SMITH']",,
1,1821 BOREN AVENUE LLC,1821 BOREN AVENUE LLC,1821 BOREN AVENUE LLC,604 097 725,2130,"925 4TH AVE STE 3900, SEATTLE, WA, 98104-1113, UNITED STATES",Active,"['ANDREA GRIGG', 'ANDREAS FISCHER']",,
2,1821 BOREN AVENUE LLC,1821 BOREN AVENUE LLC,MIDTOWN21 LLC,604 129 091,318280,"925 4TH AVE STE 3900, SEATTLE, WA, 98104-1113, UNITED STATES",Active,"['ANDREAS FISCHER', 'BEAU AUGUST', 'MATTHEW ARNOLDY', 'STUART GORDON']",,
3,FIFTH & PINE LLC,FIFTH & PINE LLC,FIFTH & PINE LLC,602 452 775,176055,"2001 ROSS AVENUE, SUITE 3400, DALLAS, TX, 75201, UNITED STATES",Active,"['INVESCO IF IV U.S. 5, LLC']",,
4,TIMES SQUARE BUILDING LLC,TIMES SQUARE BUILDING LLC,TIMES SQUARE BUILDING LLC,601 893 912,1011985,"1809 7TH AVE STE 300, SEATTLE, WA, 98101-1341, UNITED STATES",Active,"['TIMES SQUARE FIFTH AVENUE, INC']",,
5,BGO PLAZA 600 JV LLC,BGO PLAZA 600 JV LLC,BGO PLAZA 600 JV LLC,604 537 878,1328392,"1425 4TH AVE STE 200, C/O URG PLAZA 600 INVESTORS LLC,, SEATTLE, WA, 98101, UNITED STATES",Active,['BGO PLAZA 600 MEMBER LLC'],,
6,1800 NINTH ACQUISITION LLC,1800 NINTH ACQUISITION LLC,1800 NINTH ACQUISITION LLC,604 533 218,1322949,"383 MADISON AVE, NEW YORK, NY, 10017-3217, UNITED STATES",Active,['SSPF REIT I LLC'],,
7,BCAL MET PARK PROPERTY LLC,BCAL MET PARK PROPERTY LLC,MET PARK PROPERTY MANAGER LLC,604 477 669,1293803,"200 STATE STREET 5TH FLOOR, BOSTON, MA, 02109, UNITED STATES",Active,['BCP-CG MET PARK REIT LLC'],,
8,BCAL MET PARK PROPERTY LLC,BCAL MET PARK PROPERTY LLC,BCP-CG MET PARK TRS LLC,604 477 670,1293804,"200 STATE STREET, 5TH FLOOR, BOSTON, MA, 02109, UNITED STATES",Active,['BCP-CG MET PARK REIT LLC'],,
9,BCAL MET PARK PROPERTY LLC,BCAL MET PARK PROPERTY LLC,BCAL MET PARK PROPERTY LLC,604 316 300,1221990,"200 STATE STREET 5TH FLOOR, BOSTON, MA, 02109, UNITED STATES",Active,['BCP-CG MET PARK REIT LLC'],,
10,LOGAN BUILDING LLC,LOGAN BUILDING LLC,WB DEVELOPMENT MANAGER LLC,604 599 953,1352018,"1215 4TH AVE STE 600, SEATTLE, WA, 98161-1084, UNITED STATES",Withdrawn,['UNICO PROPERTIES LLC'],,
11,LOGAN BUILDING LLC,LOGAN BUILDING LLC,WASHINGTON BUILDING APARTMENTS LLC,604 069 406,324556,"1215 FOURTH AVENUE, SUITE 600, SEATTLE, WA, 98161, UNITED STATES",Withdrawn,['UNICO PROPERTIES LLC'],,
12,LOGAN BUILDING LLC,LOGAN BUILDING LLC,UPI HARRISON STREET LLC,604 185 810,1043029,"1215 FOURTH AVENUE, SUITE 600, SEATTLE, WA, 98161, UNITED STATES",Withdrawn,['UNICO PROPERTIES LLC'],,
13,LOGAN BUILDING LLC,LOGAN BUILDING LLC,UPI EASTLAKE & THOMAS LLC,603 460 123,498717,"1215 FOURTH AVENUE, SUITE 600, SEATTLE, WA, 98161, UNITED STATES",Withdrawn,['UNICO PROPERTIES LLC'],,
14,LOGAN BUILDING LLC,LOGAN BUILDING LLC,UPI BUTLER GARAGE LLC,604 186 485,512230,"1215 FOURTH AVENUE, SUITE 600, SEATTLE, WA, 98161, UNITED STATES",Withdrawn,['UNICO PROPERTIES LLC'],,
15,LOGAN BUILDING LLC,LOGAN BUILDING LLC,UPI 1505 FIFTH LLC,603 339 483,1081381,"1215 FOURTH AVENUE, SUITE 600, SEATTLE, WA, 98161, UNITED STATES",Withdrawn,['UNICO PROPERTIES LLC'],,
16,LOGAN BUILDING LLC,LOGAN BUILDING LLC,"UPG YH PROPERTY OWNER, LLC",604 494 694,1304252,"1215 FOURTH AVENUE, SUITE 600, SEATTLE, WA, 98161, UNITED STATES",Active,['UNICO PROPERTIES LLC'],,
17,LOGAN BUILDING LLC,LOGAN BUILDING LLC,"UPG STONE 34 PROPERTY OWNER, LLC",604 322 939,1229075,"1215 FOURTH AVENUE, SUITE 600, SEATTLE, WA, 98161, UNITED STATES",Active,"['UNICO PROPERTIES LLC', 'UPG CASCADE II JV, LLC']",,
18,LOGAN BUILDING LLC,LOGAN BUILDING LLC,"UNIVERSITY STREET PROPERTIES I, LLC",601 807 546,502008,"1215 FOURTH AVENUE, SUITE 600, SEATTLE, WA, 98161, UNITED STATES",Active,['UNICO PROPERTIES LLC'],,
19,LOGAN BUILDING LLC,LOGAN BUILDING LLC,UNIVERSITY & WESTERN LLC,603 287 108,1060583,"1215 FOURTH AVENUE, SUITE 600, SEATTLE, WA, 98161, UNITED STATES",Active,['UNICO PROPERTIES LLC'],,
20,LOGAN BUILDING LLC,LOGAN BUILDING LLC,UNICO REDMOND OFFICE PROJECT LLC,604 490 227,1298555,"1215 4TH AVENUE, SUITE 600, SEATTLE, WA, 98161, UNITED STATES",Withdrawn,['UNICO PROPERTIES LLC'],,
21,LOGAN BUILDING LLC,LOGAN BUILDING LLC,UNICO PARTNERS I GP LLC,603 242 607,496619,"1215 FOURTH AVENUE, SUITE 600, SEATTLE, WA, 98161, UNITED STATES",Withdrawn,['UNICO PROPERTIES LLC'],,
22,LOGAN BUILDING LLC,LOGAN BUILDING LLC,"UNICO NORTHWEST FUND I, LLC",602 405 453,497076,"1215 FOURTH AVENUE, SUITE 600, SEATTLE, WA, 98161, UNITED STATES",Active,['UNICO PROPERTIES LLC'],,
23,LOGAN BUILDING LLC,LOGAN BUILDING LLC,UNICO INVESTMENT GROUP LLC,602 694 394,500627,"1215 FOURTH AVENUE, SUITE 600, SEATTLE, WA, 98161, UNITED STATES",Active,['UNICO PROPERTIES LLC'],,
24,LOGAN BUILDING LLC,LOGAN BUILDING LLC,UNICO INVESTMENT COMPANY,602 423 346,1041826,"1215 FOURTH AVENUE, SUITE 600, SEATTLE, WA, 98161, UNITED STATES",Active,"['ALFRED R. GLANCY III', 'COURTNEY JOLICOEUR', 'DAVID JOHANSON', 'HERBERT TOBIN', 'QUENTIN KUHRAU', 'UNICO PROPERTIES LLC', 'WILLIAM D. PETTIT JR.']",,
25,LOGAN BUILDING LLC,LOGAN BUILDING LLC,UNICO BOUTIQUE OFFICE PORTFOLIO GP LLC,603 400 318,498913,"1215 4TH AVENUE, SUITE 600, SEATTLE, WA, 98161, UNITED STATES",Active,['UNICO PROPERTIES LLC'],,
26,LOGAN BUILDING LLC,LOGAN BUILDING LLC,UNICO BOP WASHINGTON PARK LLC,604 431 986,1274714,"1215 4TH AVENUE, SUITE 600, SEATTLE, WA, 98161, UNITED STATES",Active,['UNICO PROPERTIES LLC'],,
27,LOGAN BUILDING LLC,LOGAN BUILDING LLC,UNICO BOP MMB LLC,604 519 641,1313962,"1215 FOURTH AVENUE, SUITE 600, SEATTLE, WA, 98161, UNITED STATES",Withdrawn,['UNICO PROPERTIES LLC'],,
28,LOGAN BUILDING LLC,LOGAN BUILDING LLC,UNICO BOP KORN WALKER LLC,604 509 326,1310047,"1215 FOURTH AVENUE, SUITE 600, SEATTLE, WA, 98161, UNITED STATES",Active,['UNICO PROPERTIES LLC'],,
29,LOGAN BUILDING LLC,LOGAN BUILDING LLC,UNICO BOP COLMAN BUILDING LLC,604 412 880,1268800,"1326 5TH AVE, SUITE 800, SEATTLE, WA, 98101-2627, UNITED STATES",Active,['UNICO PROPERTIES LLC'],,
30,LOGAN BUILDING LLC,LOGAN BUILDING LLC,UCP WESTLAKE TOWER LLC,604 512 222,1314003,"1215 FOURTH AVENUE, SUITE 600, SEATTLE, WA, 98161, UNITED STATES",Active,['UNICO PROPERTIES LLC'],,
31,LOGAN BUILDING LLC,LOGAN BUILDING LLC,UCP MARYMOOR LLC,604 412 884,1268805,"1326 5TH AVE, SUITE 800, SEATTLE, WA, 98101-2627, UNITED STATES",Active,['UNICO PROPERTIES LLC'],,
32,LOGAN BUILDING LLC,LOGAN BUILDING LLC,UCP 2401 ELLIOTT LLC,604 166 835,1024485,"1215 FOURTH AVENUE, SUITE 600, SEATTLE, WA, 98161, UNITED STATES",Active,['UNICO PROPERTIES LLC'],,
33,LOGAN BUILDING LLC,LOGAN BUILDING LLC,STONE & 34TH LLC,603 449 783,458264,"1215 FOURTH AVENUE, SUITE 600, SEATTLE, WA, 98161, UNITED STATES",Withdrawn,['UNICO PROPERTIES LLC'],,
34,LOGAN BUILDING LLC,LOGAN BUILDING LLC,SPRING AND 1111 THIRD PROPERTY (SEA) LLC,604 296 470,1217950,"1215 FOURTH AVENUE, SUITE 600, SEATTLE, WA, 98161, UNITED STATES",Active,['UNICO PROPERTIES LLC'],,
35,LOGAN BUILDING LLC,LOGAN BUILDING LLC,SECOND AND SPRING PROPERTY (SEA) LLC,604 299 552,1217955,"1215 4TH AVENUE, SUITE 600, SEATTLE, WA, 98161, UNITED STATES",Active,['UNICO PROPERTIES LLC'],,
36,LOGAN BUILDING LLC,LOGAN BUILDING LLC,SALMON BAY WATERWAY INVESTMENTS LLC,604 456 173,1291656,"1215 FOURTH AVENUE, SUITE 600, SEATTLE, WA, 98161, UNITED STATES",Active,['UNICO PROPERTIES LLC'],,
37,LOGAN BUILDING LLC,LOGAN BUILDING LLC,LOGAN BUILDING LLC,603 259 948,838793,"1215 4TH AVENUE, SUITE 600, SEATTLE, WA, 98161, UNITED STATES",Active,['UNICO PROPERTIES LLC'],,
38,LOGAN BUILDING LLC,LOGAN BUILDING LLC,FIRST & UNION BUILDING LLC,603 259 945,164531,"1215 4TH AVENUE, SUITE 600, SEATTLE, WA, 98161, UNITED STATES",Active,['UNICO PROPERTIES LLC'],,
39,LOGAN BUILDING LLC,LOGAN BUILDING LLC,COSTIGAN INTEGRATED LLC,603 029 645,122011,"1215 FOURTH AVENUE, SUITE 600, SEATTLE, WA, 98161, UNITED STATES",Voluntarily Dissolved,['UNICO PROPERTIES LLC'],,
40,LOGAN BUILDING LLC,LOGAN BUILDING LLC,701 DEXTER INVESTMENTS LLC,603 554 645,164327,"1215 FOURTH AVENUE, SUITE 600, SEATTLE, WA, 98161, UNITED STATES",Withdrawn,['UNICO PROPERTIES LLC'],,
41,LOGAN BUILDING LLC,LOGAN BUILDING LLC,601 W. RIVERSIDE LLC,602 683 139,82733,"1215 4TH AVENUE, SUITE 600, SEATTLE, WA, 98161, UNITED STATES",Withdrawn,"['UNICO NORTHWEST FUND II LLC', 'UNICO PROPERTIES LLC']",,
42,LOGAN BUILDING LLC,LOGAN BUILDING LLC,2323 ELLIOTT AVENUE LLC,603 246 312,37068,"1215 FOURTH AVENUE, SUITE 600, SEATTLE, WA, 98161, UNITED STATES",Active,['UNICO PROPERTIES LLC'],,
43,LCF DECATUR LLC,LCF DECATUR LLC,"SEATTLE GEM ART GALLERY, L.L.C.",601 877 292,959482,"2212 QUEEN ANNE AVE. N. #327, SEATTLE, WA, 98109, UNITED STATES",Active,['ROBERT WATT III'],,
44,LCF DECATUR LLC,LCF DECATUR LLC,LCF MILTON LLC,602 604 951,318582,"3100 80TH AVE NE, HUNTS POINT, WA, 98004-1012, UNITED STATES",Active,"['CATHERINE FISHER', 'ROBERT WATT III']",,
45,LCF DECATUR LLC,LCF DECATUR LLC,LCF DECATUR LLC,602 604 949,293211,"3100 80TH AVE NE, HUNTS POINT, WA, 98004-1012, UNITED STATES",Active,"['CATHERINE FISHER', 'ROBERT WATT III']",,
46,LCF DECATUR LLC,LCF DECATUR LLC,LCF COMMODORE L.L.C.,602 604 950,788433,"3100 80TH AVE NE, HUNTS POINT, WA, 98004-1012, UNITED STATES",Active,"['CATHERINE FISHER', 'ROBERT WATT III']",,
47,LCF DECATUR LLC,LCF DECATUR LLC,LCF ASSOCIATES II L.L.C.,601 592 876,788414,"3100 80TH AVE NE, HUNTS POINT, WA, 98004-1012, UNITED STATES",Active,"['CATHERINE FISHER', 'ROBERT WATT III']",,
48,LCF DECATUR LLC,LCF DECATUR LLC,"GRDW ENTERPRISES, L.L.C.",601 985 424,724130,,Inactive,['ROBERT WATT III'],,
49,LCF DECATUR LLC,LCF DECATUR LLC,"EXACT GEMS INTERNATIONAL, L.L.C.",601 877 291,178895,"2212 QUEEN ANNE AVE N # 327, SEATTLE, WA, 98109-2312, UNITED STATES",Active,['ROBERT WATT III'],,
50,LCF DECATUR LLC,LCF DECATUR LLC,DECATUR MANAGER LLC,602 604 948,135377,"3100 80TH AVE NE, HUNTS POINT, WA, 98004-1012, UNITED STATES",Active,"['CATHERINE FISHER', 'ROBERT WATT III']",,
51,LCF DECATUR LLC,LCF DECATUR LLC,KCF INVESTMENTS LLC,602 273 248,784923,"3100 80TH AVE NE, HUNTS POINT, WA, 98004-1012, UNITED STATES",Active,"['CATHERINE FISHER', 'KENNETH FISHER']",,
52,LBA REALTY LLC,LBA REALTY LLC,SHEL-AND LLC,602 390 085,426840,"3515 24TH AVE CT NW, GIG HARBOR, WA, 98335, UNITED STATES",Voluntarily Dissolved,"['DAVE FRUTIGER', 'INC LEGALZOOM.COM', 'TOM RUTHERFORD']",,
53,LBA REALTY LLC,LBA REALTY LLC,LBA REALTY LLC,602 610 453,788372,"3347 MICHELSON DR STE 200, IRVINE, CA, 92612-0687, UNITED STATES",Active,['TOM RUTHERFORD'],,
54,LBA REALTY LLC,LBA REALTY LLC,"LBA REALTY FUND III-COMPANY V, LLC",602 863 347,292221,,Terminated,"['PHIL BELLING', 'STEVE LAYTON', 'TOM RUTHERFORD']",,
55,LBA REALTY LLC,LBA REALTY LLC,"LBA REALTY FUND III-COMPANY IX, LLC",602 810 544,300489,"3347 MICHELSON DR STE 200, IRVINE, CA, 92612-0687, UNITED STATES",Withdrawn,['TOM RUTHERFORD'],,
56,LBA REALTY LLC,LBA REALTY LLC,"LBA REALTY FUND II-COMPANY IV, LLC",602 606 395,284006,"3347 MICHELSON DR STE 200, IRVINE, CA, 92612-0687, UNITED STATES",Withdrawn,['TOM RUTHERFORD'],,
57,LBA REALTY LLC,LBA REALTY LLC,"LBA REALTY FUND II-COMPANY III, LLC",602 558 075,189923,"3347 MICHELSON DR, STE 200, IRVINE, CA, 92612-0687, UNITED STATES",Withdrawn,"['BARBARA LEE', 'TOM RUTHERFORD']",,
58,LBA REALTY LLC,LBA REALTY LLC,"LBA REALTY FUND II-COMPANY I, LLC",602 534 601,788371,"3347 MICHELSON DR STE 200, IRVINE, CA, 92612-0687, UNITED STATES",Active,"['PHIL BELLING', 'STEVE LAYTON', 'TOM RUTHERFORD']",,
59,LBA REALTY LLC,LBA REALTY LLC,LBA REALTY FUND II - WBP III LLC,602 606 390,284005,"17901 VON KARMAN AVE STE 950, IRVINE, CA, 92614, UNITED STATES",Terminated,"['PHILIP A BELLING', 'STEVEN R LAYTON', 'TOM RUTHERFORD']",,
60,LBA REALTY LLC,LBA REALTY LLC,LBA REALTY FUND II - WBP II LLC,602 606 285,811295,"3347 MICHELSON DR STE 200, IRVINE, CA, 92612-0687, UNITED STATES",Active,['TOM RUTHERFORD'],,
61,JGB LLC,JGB LLC,PACWEST MACHINERY LLC,603 560 607,388722,"8207 S 216TH ST, KENT, WA, 98032-1935, UNITED STATES",Active,"['ANDREW WOLD', 'JOSHUA GREEN CORPORATION']",,
62,JGB LLC,JGB LLC,JGC FOOD CO. LLC,603 176 430,292205,"1425 4TH AVE STE 420, SEATTLE, WA, 98101-2218, UNITED STATES",Active,['JOSHUA GREEN CORPORATION'],,
63,JGB LLC,JGB LLC,JGB LLC,602 743 791,793478,"1425 4TH AVE # 420, SEATTLE, WA, 98101, UNITED STATES",Active,"['JAMES WREGGELSWORTH', 'JOSHUA GREEN CORPORATION']",,
64,JGB LLC,JGB LLC,FFW HOLDINGS LLC,604 406 217,1266172,"1425 4TH AVE STE 420, SEATTLE, WA, 98101-2218, UNITED STATES",Active,['JOSHUA GREEN CORPORATION'],,
65,JGB LLC,JGB LLC,"FAR BANK ENTERPRISES, INC.",602 550 673,181553,"8500 NE DAY RD E, BAINBRIDGE IS, WA, 98110-1395, UNITED STATES",Active,['JOSHUA GREEN CORPORATION'],,
66,JGB LLC,JGB LLC,5 CP LLC,603 226 798,95505,"1425 4TH AVE STE 200, SEATTLE, WA, 98101-2274, UNITED STATES",Administratively Dissolved,['JOSHUA GREEN CORPORATION'],,
67,JGB LLC,JGB LLC,CORI'S CRAFTY CREATIONS LLC,603 062 779,1106746,"1201 3RD AVE STE 2200, SEATTLE, WA, 98101, UNITED STATES",Administratively Dissolved,['JAMES WREGGELSWORTH'],,
68,GO-BRICKMAN MIKEN OWNER LLC,GO-BRICKMAN MIKEN OWNER LLC,GO-BRICKMAN MIKEN OWNER LLC,604 336 381,1232340,"C/O BRICKMAN, ONCE GREENWICH OFFICE PARK, BUILDING 1N, SUITE 175, GREENWICH, CT, 06831, UNITED STATES",Active,['GO-BRICKMAN BRODERICK MIKEN JV LLC'],,
69,GO-BRICKMAN MIKEN OWNER LLC,GO-BRICKMAN MIKEN OWNER LLC,GO-BRICKMAN BRODERICK OWNER LLC,604 336 373,1232326,"C/O BRICKMAN, ONCE GREENWICH OFFICE PARK,, BUILDING 1N, SUITE 175, GREENWICH, CT, 06831, UNITED STATES",Active,['GO-BRICKMAN BRODERICK MIKEN JV LLC'],,
70,BRICKMAN VANCE OWNER LLC,BRICKMAN VANCE OWNER LLC,BRICKMAN VANCE OWNER LLC,604 189 238,574381,"399 PARK AVE, 18TH FLOOR, NEW YORK, NY, 10022, UNITED STATES",Active,['GO-BRICKMAN VANCE JV LLC'],,
71,PIKE STREET INVESTORS LLC,PIKE STREET INVESTORS LLC,PIKE STREET INVESTORS LLC,602 325 768,376733,"10 STATE HOUSE SQ FL 15, HARTFORD, CT, 06103-3600, UNITED STATES",Active,['TPF EQUITY REIT OPERATING PARTNERSHIP LP'],,
72,PIKE STREET INVESTORS LLC,PIKE STREET INVESTORS LLC,PIERCE COUNTY INVESTORS LLC,602 643 126,904375,"10 STATE HOUSE SQ FL 15, HARTFORD, CT, 06103-3600, UNITED STATES",Active,['TPF EQUITY REIT OPERATING PARTNERSHIP LP'],,
73,PIKE STREET INVESTORS LLC,PIKE STREET INVESTORS LLC,ORION DRIVE INVESTORS LLC,602 283 114,363851,"10 STATE HOUSE SQ FL 15, HARTFORD, CT, 06103-3600, UNITED STATES",Active,['TPF EQUITY REIT OPERATING PARTNERSHIP LP'],,
74,PIKE STREET INVESTORS LLC,PIKE STREET INVESTORS LLC,3850 KLAHANIE DRIVE SE INVESTORS LLC,605 071 117,1637155,"10 STATE HOUSE SQ FL 15, HARTFORD, CT, 06103-3600, UNITED STATES",Active,"['TPF EQUITY REIT OPERATING PARTNERSHIP LP', 'TPF EQUITY REIT OPERATING PARTNERSHIP LP']",,
75,PIKE STREET INVESTORS LLC,PIKE STREET INVESTORS LLC,32200 MILITARY ROD SOUTH APARTMENTS INVESTORS LLC,603 119 287,7416,"10 STATE HOUSE SQUARE, 15TH FLOOR, HARTFORD, CT, 06103, UNITED STATES",Active,['TPF EQUITY REIT OPERATING PARTNERSHIP LP'],,
76,PIKE STREET INVESTORS LLC,PIKE STREET INVESTORS LLC,15205 140TH WAY SE APARTMENTS INVESTORS LLC,603 245 040,3417,"10 STATE HOUSE SQ 15TH FL, HARTFORD, CT, 06103, UNITED STATES",Active,['TPF EQUITY REIT OPERATING PARTNERSHIP LP'],,
77,MSI POLL LLC,MSI POLL LLC,SEATTLE HISTORIC WATERFRONT ASSOCIATION,602 638 409,268202,"1932 1ST AVE STE 1000, SEATTLE, WA, 98101-1063, UNITED STATES",Active,"['BOB DONEGAN', 'H. MARTIN SMITH III', 'KYLE GRIFFITH']",,
78,MSI POLL LLC,MSI POLL LLC,PIERS 55 & 56 L.L.C.,601 772 820,241274,"316 OCCIDENTAL AVE S STE 300, SEATTLE, WA, 98104-4421, UNITED STATES",Active,['H. MARTIN SMITH III'],,
79,MSI POLL LLC,MSI POLL LLC,MSI POLL LLC,604 337 852,1234917,"316 OCCIDENTAL AVE S STE 300, SEATTLE, WA, 98104-4421, UNITED STATES",Active,"['H. MARTIN SMITH III', 'H. MARTIN SMITH, III']",,
80,MSI POLL LLC,MSI POLL LLC,MSI MAYNARD LLC,604 537 696,1325768,"316 OCCIDENTAL AVE S STE 300, SEATTLE, WA, 98104-4421, UNITED STATES",Active,"['H. MARTIN SMITH III', 'THOMAS W. READ']",,
81,MSI POLL LLC,MSI POLL LLC,MSI 2810 LLC,604 465 328,1286045,"316 OCCIDENTAL AVE S STE 300, SEATTLE, WA, 98104-4421, UNITED STATES",Voluntarily Dissolved,"['H. MARTIN SMITH III', 'THOMAS W. READ']",,
82,MSI POLL LLC,MSI POLL LLC,"METHOW VALLEY SANITATION SERVICE, INC.",601 038 660,819498,"1205 CASCADE DR, TWISP, WA, 98856, UNITED STATES",Active,"['CASEY BOUCHARD', 'CHAD PATTERSON', 'H. MARTIN SMITH III']",,
83,MSI POLL LLC,MSI POLL LLC,CCM CASCADE LLC,604 732 470,1444506,"316 OCCIDENTAL AVE S STE 300, SEATTLE, WA, 98104-4421, UNITED STATES",Active,"['H. MARTIN SMITH III', 'THOMAS W READ']",,
84,MSI POLL LLC,MSI POLL LLC,"SUTTON TRUCKING, LLC",604 395 388,1267884,"316 OCCIDENTAL AVE S, SUITE 300, SEATTLE, WA, 98104-4421, UNITED STATES",Delinquent,"['CHAD PATTERSON', 'H. MARTIN SMITH, III']",,
85,UNION SQUARE LIMITED LIABILITY COMPANY,UNION SQUARE LIMITED LIABILITY COMPANY,WREH UNION SQUARE LLC,603 281 915,576180,"600 UNIVERSITY ST STE 2820, SEATTLE, WA, 98101-1184, UNITED STATES",Active,"['ANTHONY SHIPPAM', 'WASHINGTON HOLDINGS, LLC']",,
86,UNION SQUARE LIMITED LIABILITY COMPANY,UNION SQUARE LIMITED LIABILITY COMPANY,WREH 6500 EVERETT LLC,603 163 470,576179,"600 UNIVERSITY ST STE 2820, SEATTLE, WA, 98101-1184, UNITED STATES",Voluntarily Dissolved,"['WASHINGTON HOLDINGS, LLC']",,
87,UNION SQUARE LIMITED LIABILITY COMPANY,UNION SQUARE LIMITED LIABILITY COMPANY,WH STONE WAY LLC,603 450 575,1162258,"600 UNIVERSITY ST STE 2820, SEATTLE, WA, 98101-1184, UNITED STATES",Active,"['WASHINGTON HOLDINGS, LLC']",,
88,UNION SQUARE LIMITED LIABILITY COMPANY,UNION SQUARE LIMITED LIABILITY COMPANY,WH MISSION PARK LLC,603 328 624,1060443,"600 UNIVERSITY ST STE 2820, SEATTLE, WA, 98101-1184, UNITED STATES",Active,"['WASHINGTON HOLDINGS, LLC']",,
89,UNION SQUARE LIMITED LIABILITY COMPANY,UNION SQUARE LIMITED LIABILITY COMPANY,WH HERON LLC,603 508 050,1162256,"600 UNIVERSITY ST STE 2820, SEATTLE, WA, 98101-1184, UNITED STATES",Active,"['WASHINGTON HOLDINGS, LLC']",,
90,UNION SQUARE LIMITED LIABILITY COMPANY,UNION SQUARE LIMITED LIABILITY COMPANY,WH GREENWOOD LLC,604 263 053,1193555,"600 UNIVERSITY ST STE 2820, SEATTLE, WA, 98101-1184, UNITED STATES",Active,"['LAURA KARASSIK', 'WASHINGTON HOLDINGS, LLC']",,
91,UNION SQUARE LIMITED LIABILITY COMPANY,UNION SQUARE LIMITED LIABILITY COMPANY,WH GREENWOOD II LLC,604 613 488,1359772,"600 UNIVERSITY ST STE 2820, SEATTLE, WA, 98101-1184, UNITED STATES",Active,"['LAURA KARASSIK', 'WASHINGTON HOLDINGS, LLC']",,
92,UNION SQUARE LIMITED LIABILITY COMPANY,UNION SQUARE LIMITED LIABILITY COMPANY,WH EASTLAKE LLC,604 227 196,1185058,"600 UNIVERSITY ST STE 2820, SEATTLE, WA, 98101-1184, UNITED STATES",Active,"['LAURA KARASSIK', 'WASHINGTON HOLDINGS, LLC']",,
93,UNION SQUARE LIMITED LIABILITY COMPANY,UNION SQUARE LIMITED LIABILITY COMPANY,WH CY SEATTLE HOTEL LLC,603 621 341,1162254,"600 UNIVERSITY ST STE 2820, SEATTLE, WA, 98101-1184, UNITED STATES",Active,"['WASHINGTON HOLDINGS, LLC']",,
94,UNION SQUARE LIMITED LIABILITY COMPANY,UNION SQUARE LIMITED LIABILITY COMPANY,WH CARTER LLC,603 473 788,529022,"600 UNIVERSITY ST STE 2820, SEATTLE, WA, 98101-1184, UNITED STATES",Active,"['WASHINGTON HOLDINGS, LLC']",,
95,UNION SQUARE LIMITED LIABILITY COMPANY,UNION SQUARE LIMITED LIABILITY COMPANY,WH BALLARD LLC,603 602 844,1074215,"600 UNIVERSITY ST STE 2820, SEATTLE, WA, 98101-1184, UNITED STATES",Active,"['WASHINGTON HOLDINGS, LLC']",,
96,UNION SQUARE LIMITED LIABILITY COMPANY,UNION SQUARE LIMITED LIABILITY COMPANY,WH ANDERSON PARK LLC,603 615 057,1060047,"600 UNIVERSITY ST STE 2820, SEATTLE, WA, 98101-1184, UNITED STATES",Active,"['WASHINGTON HOLDINGS, LLC']",,
97,UNION SQUARE LIMITED LIABILITY COMPANY,UNION SQUARE LIMITED LIABILITY COMPANY,"WASHINGTON HOLDINGS MANAGEMENT COMPANY, LLC",602 232 870,513739,"600 UNIVERSITY ST STE 2820, SEATTLE, WA, 98101-1184, UNITED STATES",Active,"['WASHINGTON HOLDINGS, LLC']",,
98,UNION SQUARE LIMITED LIABILITY COMPANY,UNION SQUARE LIMITED LIABILITY COMPANY,UNION SQUARE LIMITED LIABILITY COMPANY,602 265 343,499278,"600 UNIVERSITY ST STE 2820, SEATTLE, WA, 98101-1184, UNITED STATES",Active,"['WASHINGTON HOLDINGS, LLC']",,
99,UNION SQUARE LIMITED LIABILITY COMPANY,UNION SQUARE LIMITED LIABILITY COMPANY,MERRILL CREEK HOLDINGS LLC,602 354 188,846315,"600 UNIVERSITY ST STE 2820, SEATTLE, WA, 98101-1184, UNITED STATES",Active,"['WASHINGTON HOLDINGS, LLC']",,
100,UNION SQUARE LIMITED LIABILITY COMPANY,UNION SQUARE LIMITED LIABILITY COMPANY,MCC EVERETT LLC,602 541 980,854645,"600 UNIVERSITY ST STE 2820, SEATTLE, WA, 98101-1184, UNITED STATES",Voluntarily Dissolved,"['WASHINGTON HOLDINGS, LLC']",,
101,UNION SQUARE LIMITED LIABILITY COMPANY,UNION SQUARE LIMITED LIABILITY COMPANY,HH DENNY LLC,603 388 192,229469,"600 UNIVERSITY ST STE 2820, SEATTLE, WA, 98101-1184, UNITED STATES",Active,"['WASHINGTON HOLDINGS, LLC']",,
102,UNION SQUARE LIMITED LIABILITY COMPANY,UNION SQUARE LIMITED LIABILITY COMPANY,410 WEST HARRISON LLC,604 307 118,1218958,"600 UNIVERSITY ST STE 2820, SEATTLE, WA, 98101-1184, UNITED STATES",Voluntarily Dissolved,"['LAURA KARASSIK', 'WASHINGTON HOLDINGS, LLC']",,
103,UNION SQUARE LIMITED LIABILITY COMPANY,UNION SQUARE LIMITED LIABILITY COMPANY,3627 STONE LENDER LLC,603 509 839,63499,"600 UNIVERSITY ST STE 2820, SEATTLE, WA, 98101-1184, UNITED STATES",Voluntarily Dissolved,"['WASHINGTON HOLDINGS, LLC']",,
104,UNION SQUARE LIMITED LIABILITY COMPANY,UNION SQUARE LIMITED LIABILITY COMPANY,3000 WESTERN LLC,604 884 337,1542856,"600 UNIVERSITY ST STE 2820, SEATTLE, WA, 98101-1184, UNITED STATES",Active,"['LARA KARASSIK', 'WASHINGTON HOLDINGS, LLC']",,
105,UNION SQUARE LIMITED LIABILITY COMPANY,UNION SQUARE LIMITED LIABILITY COMPANY,24 ETRURIA LLC,604 202 783,1171778,"600 UNIVERSITY ST STE 2820, SEATTLE, WA, 98101-1184, UNITED STATES",Active,"['LAURA KARASSIK', 'WASHINGTON HOLDINGS, LLC']",,
106,UNION SQUARE LIMITED LIABILITY COMPANY,UNION SQUARE LIMITED LIABILITY COMPANY,225 ROY LLC,604 022 776,6178,"600 UNIVERSITY ST STE 2820, SEATTLE, WA, 98101-1184, UNITED STATES",Active,"['WASHINGTON HOLDINGS, LLC']",,
107,UNION SQUARE LIMITED LIABILITY COMPANY,UNION SQUARE LIMITED LIABILITY COMPANY,13050 AURORA LLC,604 274 469,1205760,"600 UNIVERSITY ST STE 2820, SEATTLE, WA, 98101-1184, UNITED STATES",Voluntarily Dissolved,"['LAURA KARASSIK', 'WASHINGTON HOLDINGS, LLC']",,
108,URG PARK PLACE LLC,URG PARK PLACE LLC,URG PARK PLACE LLC,604 527 666,1315026,"1425 4TH AVE STE 500, SEATTLE, WA, 98101-2264, UNITED STATES",Active,['URBAN RENAISSANCE GORUP LLC'],,
109,WESTERN OFFICE PORTFOLIO PROPERTY OWNER LLC,WESTERN OFFICE PORTFOLIO PROPERTY OWNER LLC,WESTERN OFFICE PORTFOLIO PROPERTY OWNER LLC,604 370 949,1250815,"1215 4TH AVE STE 600, SEATTLE, WA, 98161-1084, UNITED STATES",Active,['WESTERN OFFICE PORTFOLIO MEZZ BORROWER LLC'],,
110,WESTERN OFFICE PORTFOLIO PROPERTY OWNER LLC,WESTERN OFFICE PORTFOLIO PROPERTY OWNER LLC,WESTERN OFFICE 1505 LEASEHOLD OWNER LLC,604 388 626,1255492,"1215 4TH AVE FL 6, SEATTLE, WA, 98161-1001, UNITED STATES",Withdrawn,['WESTERN OFFICE PORTFOLIO MEZZ BORROWER LLC'],,
111,SEATTLE CHILDREN'S HOSPITAL,SEATTLE CHILDREN'S HOSPITAL,SEATTLE CHILDREN'S HOSPITAL,178 019 356,961369,"4800 SAND POINT WAY NE, SEATTLE, WA, 98105-3901, UNITED STATES",Active,"['COLIN FOX', 'COLLEEN FUKUI-SKETCHLEY', 'CONAN VIERNES', 'DAN LEVITAN', 'JILL BRUBAKER', 'JOEL FRENCH', 'JOHN SCHOETTLER', 'JUDITH PIERCE', 'KEN DENMAN', 'KURT SHINTAFFER', 'LOREN ALHADEFF', 'MOYA VASQUEZ', 'PATRICIA LOERA', 'RACQUEL RUSSELL', 'SUSAN BETCHER', 'TROY HUTSON']",,
112,SEATTLE CHILDREN'S HOSPITAL,SEATTLE CHILDREN'S HOSPITAL,COMMUNITY SAFETY NETWORK (CSN) OF TOPPENISH,603 003 446,628035,"101 LINCOLN AVE, TOPPENISH, WA, 98948-1316, UNITED STATES",Active,"['CONAN VIERNES', 'ELIGIO JIMENEZ', 'JOHN CERNA', 'WALT WEGENER', 'YESICA ARCIGA -GARZIA']",,
113,SEATTLE CHILDREN'S HOSPITAL,SEATTLE CHILDREN'S HOSPITAL,THE COMMITTEE OF THIRTY THREE,601 844 335,298787,"615 36TH AVE E, SEATTLE, WA, 98112-4315, UNITED STATES",Active,"['ALISON MILIMAN', 'LYNN MOWE', 'MOYA VASQUEZ', 'SUSAN POTTS']",,
114,SEATTLE CHILDREN'S HOSPITAL,SEATTLE CHILDREN'S HOSPITAL,THE MADHOUSE PROJECT,602 407 078,470378,"1938 BOYER AVE E, SEATTLE, WA, 98112, UNITED STATES",Voluntarily Dissolved,"['BRAD NEWCOMER', 'ERIN FRIEDMAN', 'JOHN FIALA', 'KURT SHINTAFFER', 'PHILLIP FRIEDMAN', 'RANDALL TENANT']",,
115,SEATTLE CHILDREN'S HOSPITAL,SEATTLE CHILDREN'S HOSPITAL,SUNRISE BAY ASSOCIATES L.L.C.,601 677 338,980468,"3901 AIRPORT WAY, BELLINGHAM, WA, 98226-9159, UNITED STATES",Active,"['DEAN SHINTAFFER', 'KURT SHINTAFFER', 'LIAM SHINTAFFER', 'MARK SHINTAFFER', 'NOAH SHINTAFFER']",,
116,SEATTLE CHILDREN'S HOSPITAL,SEATTLE CHILDREN'S HOSPITAL,CLOUDABILITY INC.,603 619 743,628912,"11100 NE 8TH ST, SUITE 600, BELLEVUE, WA, 98004-4402, UNITED STATES",Active,"['KURT SHINTAFFER', 'SACHIN GUPTA']",,
117,SEATTLE CHILDREN'S HOSPITAL,SEATTLE CHILDREN'S HOSPITAL,"APPTIO, INC.",602 768 211,543971,"11100 NE 8TH ST STE 600, BELLEVUE, WA, 98004-4402, UNITED STATES",Active,"['BRIAN PEASE', 'KURT SHINTAFFER', 'SACHIN GUPTA']",,
118,SEATTLE CHILDREN'S HOSPITAL,SEATTLE CHILDREN'S HOSPITAL,ACORN DEVELOPMENT LLC,603 183 512,1093666,"410 TERRY AVENUE  NORTH, SEATTLE, WA, 98103, UNITED STATES",Active,"['JOHN SCHOETTLER', 'KURT LAMP', 'MICHAEL DEAL']",,
119,SEATTLE CHILDREN'S HOSPITAL,SEATTLE CHILDREN'S HOSPITAL,SEATTLE CHILDREN'S HEALTHCARE SYSTEM,601 252 845,969428,"4800 SAND POINT WAY NE, SEATTLE, WA, 98105-3901, UNITED STATES",Active,"['DAN LEVITAN', 'JOEL FRENCH', 'KEN DENMAN', 'RACQUEL RUSSELL']",,
120,SEATTLE CHILDREN'S HOSPITAL,SEATTLE CHILDREN'S HOSPITAL,CHILDREN'S HEALTH NETWORK,601 824 744,614326,"818 STEWART ST STOP 818-S, SEATTLE, WA, 98101-3311, UNITED STATES",Active,"['JOEL FRENCH', 'KEN DENMAN', 'RACQUEL RUSSELL', 'SUSAN BETCHER']",,
121,SEATTLE CHILDREN'S HOSPITAL,SEATTLE CHILDREN'S HOSPITAL,SEATTLE TENNIS CLUB,178 018 763,425976,"922 MCGILVRA BLVD E, SEATTLE, WA, 98112-5040, UNITED STATES",Active,"['IAN TAYLOR', 'JENNIFER KELLY', 'JUDITH PIERCE', 'NANCY SENSENEY']",,
122,SEATTLE CHILDREN'S HOSPITAL,SEATTLE CHILDREN'S HOSPITAL,"TRUPANION, INC.",604 297 954,1214150,"6100 4TH AVE S, SEATTLE, WA, 98108-3234, UNITED STATES",Active,"['DAN LEVITAN', 'DARRYL RAWLINGS', 'ERIC JOHNSON', 'GAVIN DEREK FRIEDMAN', 'HOWARD ELLIOT RUBIN', 'JACQUELINE DAVIDSON', 'MARGARET TOOTH', 'MICHAEL DOAK', 'MURRAY LOW', 'TRICIA LYNN PLOUF', 'ZAY SATCHU']",,
123,SEATTLE CHILDREN'S HOSPITAL,SEATTLE CHILDREN'S HOSPITAL,MOONSHOT PARTNERS LLC,604 010 022,830233,"601 UNION ST STE 3200, SEATTLE, WA, 98101-3949, UNITED STATES",Active,"['BEN MAGNANO', 'BRIAN MORFITT', 'DAN LEVITAN', 'KELLY STERLING', 'KEN LANGONE', 'NADER NAINI', 'NATHAN EVERY', 'STEVE BAILEY', 'THOMAS MCGILL']",,
124,SEATTLE CHILDREN'S HOSPITAL,SEATTLE CHILDREN'S HOSPITAL,MAVERON LLC,601 847 195,322756,"411 1ST AVE S, SUITE 600, SEATTLE, WA, 98104-3847, UNITED STATES",Active,['DAN LEVITAN'],,
125,SEATTLE CHILDREN'S HOSPITAL,SEATTLE CHILDREN'S HOSPITAL,MAVERON GENERAL PARTNER LLC,602 533 976,202454,,Terminated,"['DAN LEVITAN', 'PETER MCCORMICK']",,
126,SEATTLE CHILDREN'S HOSPITAL,SEATTLE CHILDREN'S HOSPITAL,MAVERON GENERAL PARTNER III LLC,602 436 513,840101,"411 1ST AVE S #600, SEATTLE, WA, 98104, UNITED STATES",Terminated,['DAN LEVITAN'],,
127,SEATTLE CHILDREN'S HOSPITAL,SEATTLE CHILDREN'S HOSPITAL,MAVERON GENERAL PARTNER 2000 LLC,602 533 973,835609,"411 1ST AVE S, STE 600, SEATTLE, WA, 98104-2860, UNITED STATES",Withdrawn,"['DAN LEVITAN', 'PETER MCCORMICK']",,
128,SEATTLE CHILDREN'S HOSPITAL,SEATTLE CHILDREN'S HOSPITAL,"DEXTER REAL ESTATE ASSOCIATES, LLC",602 710 392,653453,"203 DEXTER AVE N, SEATTLE, WA, 98109-5105, UNITED STATES",Active,"['BS&G INC', 'DAN LEVITAN', 'STACEY WINSTON-LEVITAN']",,
129,SEATTLE CHILDREN'S HOSPITAL,SEATTLE CHILDREN'S HOSPITAL,BROTHERS FOR LIFE,602 113 203,589661,"270 S HANFORD ST STE 207, SEATTLE, WA, 98134-1940, UNITED STATES",Active,"['ADAM CHAIM LEVINE', 'DAN LEVITAN']",,
130,SEATTLE CHILDREN'S HOSPITAL,SEATTLE CHILDREN'S HOSPITAL,ARIVALE INC.,603 370 002,555571,"710 2ND AVE STE 410, SEATTLE, WA, 98104-1761, UNITED STATES",Terminated,"['BOB NELSEN', 'BRETT MILLER', 'CLAYTON LEWIS', 'DAN LEVITAN', 'NATHAN PRICE', 'TERRY MCGUIRE', 'TIM KILGALLON']",,
131,SEATTLE CHILDREN'S HOSPITAL,SEATTLE CHILDREN'S HOSPITAL,THE UNIVERSITY OF WASHINGTON FOUNDATION,601 148 244,1024555,"407 GERBERDING HALL UW, SEATTLE, WA, 98195-0001, UNITED STATES",Active,"['KEN DENMAN', 'LISA SIMONYI', 'MARY GRESCH', 'PATRICK CRUMB']",,
132,SEATTLE CHILDREN'S HOSPITAL,SEATTLE CHILDREN'S HOSPITAL,"AURASERV COMMUNICATIONS, INC.",602 044 313,553244,,Terminated,"['KEN DENMAN', 'SETH NEIMAN']",,
133,SEATTLE CHILDREN'S HOSPITAL,SEATTLE CHILDREN'S HOSPITAL,"PEDIATRIC ASSOCIATES, INC., P.S.",179 023 800,380812,"2475 140TH AVE NE BLDG C, BELLEVUE, WA, 98005-1892, UNITED STATES",Active,"['ALEXANDER HILL', 'AMBER ANDERSON', 'AMI MEHTA', 'AMY CARTER', 'BRANDI IRWIN', 'BRETT VANDENBERG', 'BRIANNA LABEL', 'CASSANDRA BEAULIEU', 'DAVID REUTER', 'DOMINIQUE MARION', 'ELIZABETH BROWDER', 'ELLEN LAMPE', 'EMILIE WEIGEL', 'EMILY SHOWMAN', 'ERICA CANNELL', 'EVA HONG', 'FIONA MCCONNELL', 'GWEN SEAVER', 'HIROKO DAVID', 'HOLLY GINSBERG', 'IRENE HWANG', 'IRENE THAM', 'JAMES CHATTRA', 'JEAN SAHS', 'JEFF LANDESBERG', 'JERVIS BELARMINO', 'JILL BRUBAKER', 'JOYCE WU', 'JULIE WEN', 'KAISERA ZUBAIR', 'KATE HALAMAY', 'KATHARINE COREY', 'KATHERINE KOSS', 'KATHRINE RYAN', 'LAURIE WILLIAMS', 'LINDA HUNG', 'LORENA SHIH', 'MARY RODGERS', 'MEGAN KULLNAT', 'MICHAEL GEORGE', 'MONA CHHABRA', 'PAMELA LABORDE', 'PARIKSHA PATWARI', 'PIA MATSUNO', 'RANDY ( RANDALL) UYENO', 'RICHARD KEELER', 'ROBERT LU', 'ROBERT ROSKIN', 'ROBIN GRAHAM', 'ROSSANA PALOMINO', 'RUTH CROSBY', 'SANDRA SJOBERG', 'SARA BENDA', 'STEPHANIE BRUNNER', 'STEVEN SCHIEBEL', 'T CLAUDSON', 'TIFFANY SPANIER', 'TRACEY HOWSON', ""TRACIE O'NEILL""]",,
134,SEATTLE CHILDREN'S HOSPITAL,SEATTLE CHILDREN'S HOSPITAL,THE BETCHER FAMILY FOUNDATION,602 017 857,464668,"2000 ALASKAN WAY APT 550, SEATTLE, WA, 98121-2143, UNITED STATES",Delinquent,"['CASSANDRA DELAUNE', 'NANCY BETCHER', 'PAM SUTTON', 'SUSAN BETCHER']",,
135,SEATTLE CHILDREN'S HOSPITAL,SEATTLE CHILDREN'S HOSPITAL,CLEANTECH ALLIANCE WASHINGTON,602 718 250,79926,"1301 5TH AVE STE 1500, SEATTLE, WA, 98101-2632, UNITED STATES",Active,"['AARON BLOCK', 'AARON FEAVER', 'ANGELA BECKER-DIPPMANN', 'BEN MAYER', 'BILL MCSHERRY', 'BRIAN WEED RUSS', 'BRIAN YOUNG', 'BS&G, INC.', 'CALLIE BENDICKSON', 'CAM LEHOUILLIER', 'CHRIS AJEMIAN', 'CLARENCE CLIPPER', 'COREY MCDANIEL', 'CRAIG HUSA', 'CURTIS A KIRKEBY', 'DANA WIDMER QUIEL', 'DANIEL SCHWARTZ', 'DAVE CURRY', 'DAVID ALLEN', 'DAVID ALLEN', 'DAVID BENSON', 'DAVID LOGSDON', 'DAVID SILVA JARED', 'ERIC MOE', 'ERIC MOE KROON', 'GARRY CLARK', 'GRAHAM EVANS', 'JAMES MOTHERSBAUGH', 'JASON HERBERT', 'JASON PURACAL', 'JENNIFER OLSEN', 'JESSIE BARTON', 'JIM GRAZKO', 'JIMMY JIA', 'JODIE GUTHRIE', 'JOHN KANE', 'JOSH SWEERE', 'JULIE BENNION', 'KEITH VANDERZANDEN', 'KIMBERLY JOHNSTON', 'KIRT W MONTAGUE', 'LEIF ELGETHUN', 'MARK STOCKTON', 'MATT WEGWORTH', 'MCKINSEY LYON', 'MONICA BRUMMER', 'NATHAN ORME', 'PETER BREHM', 'REEVES CLIPPARD', 'RICK LUEBBE', 'STEPHANIE WRIGHT', 'STEPHEN BAY', 'STEVEN KLEIN', 'SUSAN BETCHER', 'SUSAN CHAMPLAIN', 'TATSUYA (TED) FUSE', 'THOMAS REDD', 'TIM BOTKIN', 'TIMOTHY ZENK', 'VIRGINIA EMERY', 'WILL EINSTEIN']",,
136,SEATTLE CHILDREN'S HOSPITAL,SEATTLE CHILDREN'S HOSPITAL,"BETCHER PROPERTIES, INC.",602 020 651,57223,"2707 MOORELANDS DR NW, GIG HARBOR, WA, 98335-5807, UNITED STATES",Administratively Dissolved,"['CASSANDRA DELAUNE', 'PAMELA SUTTON', 'SUSAN BETCHER']",,
137,SEATTLE CHILDREN'S HOSPITAL,SEATTLE CHILDREN'S HOSPITAL,BETCHER INVESTORS LLC,602 020 650,583651,"2707 MOORELANDS DR NW, GIG HARBOR, WA, 98335-5807, UNITED STATES",Administratively Dissolved,"['CASSANDRA DELAUNE', 'PAM SUTTON', 'SUSAN BETCHER']",,
138,SEATTLE CHILDREN'S HOSPITAL,SEATTLE CHILDREN'S HOSPITAL,"POR QUE NO, LLC",604 269 782,1209867,"1100 BELLEVUE WAY NE STE 8A-243, BELLEVUE, WA, 98004-4280, UNITED STATES",Active,"['JOEL FRENCH', 'LPSL CORPORATE SERVICES INC', 'SUZANNE FRENCH']",,
139,SEATTLE CHILDREN'S HOSPITAL,SEATTLE CHILDREN'S HOSPITAL,"OUTBOUND AI, INC.",604 721 037,1434312,"999 3RD AVE FL 33, SEATTLE, WA, 98104-4019, UNITED STATES",Active,"['JEFF JONES', 'JOEL FRENCH', 'STEAD BURWELL', 'TIM PORTER']",,
140,SEATTLE CHILDREN'S HOSPITAL,SEATTLE CHILDREN'S HOSPITAL,"NEVER SAYS NO, LLC",604 955 980,1593011,"1100 BELLEVUE WAY NE STE 8A-243, BELLEVUE, WA, 98004-4280, UNITED STATES",Active,"['JOEL FRENCH', 'LPSL CORPORATE SERVICES, INC.']",,
141,SEATTLE CHILDREN'S HOSPITAL,SEATTLE CHILDREN'S HOSPITAL,"NEPHALIOS GROUP, LLC",602 354 751,834746,"1100 BELLEVUE WAY NE STE 8A-243, BELLEVUE, WA, 98004-4280, UNITED STATES",Active,"['JOEL FRENCH', 'JOEL FRENCH', 'SUZANNE FRENCH']",,
142,SEATTLE CHILDREN'S HOSPITAL,SEATTLE CHILDREN'S HOSPITAL,"FRENCH CONNECTION, LLC",604 857 435,1526363,"1100 BELLEVUE WAY NE STE 8A243, BELLEVUE, WA, 98004-4280, UNITED STATES",Active,"['JOEL FRENCH', 'LPSL CORPORATE SERVICES, INC.']",,
143,SEATTLE CHILDREN'S HOSPITAL,SEATTLE CHILDREN'S HOSPITAL,"FC-OHANA-K, LLC",604 860 733,1526369,"1100 BELLEVUE WAY NE STE 8A-243, BELLEVUE, WA, 98004-4280, UNITED STATES",Active,"['JOEL FRENCH', 'LPSL CORPORATE SERVICES, INC.']",,
144,SEATTLE CHILDREN'S HOSPITAL,SEATTLE CHILDREN'S HOSPITAL,FC ADVISORS LLC,603 015 424,178794,"14150 NE 20TH ST #458, BELLEVUE, WA, 98007, UNITED STATES",Inactive,"['BRETT SMITH', 'JOEL FRENCH']",,
145,SEATTLE CHILDREN'S HOSPITAL,SEATTLE CHILDREN'S HOSPITAL,"CADENCE LANE, LLC",604 856 153,1526365,"1100 BELLEVUE WAY NE STE 8A243, BELLEVUE, WA, 98004-4280, UNITED STATES",Active,"['JOEL FRENCH', 'LPSL CORPORATE SERVICES, INC.']",,
146,1415 WESTERN LLC,1415 WESTERN LLC,URBAN VENTURES I LLC,604 046 244,1043697,"2607 2ND AVE STE  300, SEATTLE, WA, 98121, UNITED STATES",Administratively Dissolved,"['MARC ANGELILLO', 'MARK FLIPPO', 'RAFAEL PASCUALY', 'THOMAS LINDQUIST', 'TIMOTHY CAVANAUGH']",,
147,1415 WESTERN LLC,1415 WESTERN LLC,TSC 4 LLC,604 360 742,1246916,"999 N NORTHLAKE WAY, SUITE 200, SEATTLE, WA, 98103-3422, UNITED STATES",Active,"['TIMOTHY CAVANAUGH', 'TIMOTHY CAVANAUGH']",,
148,1415 WESTERN LLC,1415 WESTERN LLC,"SUNSHINE CAPITAL, L.L.C.",601 999 000,1045826,"999 N NORTHLAKE WAY, SUITE 200, SEATTLE, WA, 98103-3422, UNITED STATES",Active,['TIMOTHY CAVANAUGH'],,
149,1415 WESTERN LLC,1415 WESTERN LLC,"SUNSHINE CAPITAL II, LLC",602 662 939,959748,"999 N NORTHLAKE WAY STE 200, SEATTLE, WA, 98121, UNITED STATES",Active,"['GEORGE RUSSELL JR', 'TIMOTHY CAVANAUGH']",,
150,1415 WESTERN LLC,1415 WESTERN LLC,"STREAM REAL ESTATE, LLC",602 238 804,1152654,"999 N NORTHLAKE WAY STE 200, SEATTLE, WA, 98103-3422, UNITED STATES",Active,"['MARC ANGELILLO', 'MARK FLIPPO', 'RAFAEL PASCUALY', 'TIMOTHY CAVANAUGH', 'TOM LINDQUIST']",,
151,1415 WESTERN LLC,1415 WESTERN LLC,"STAR EQUITY MANAGEMENT, LLC",602 253 293,453633,"999 N NORTHLAKE WAY, SUITE 200, SEATTLE, WA, 98103-3422, UNITED STATES",Active,['TIMOTHY CAVANAUGH'],,
152,1415 WESTERN LLC,1415 WESTERN LLC,SPOTTED PONY LLC,602 685 965,1016501,,Administratively Dissolved,['TIMOTHY CAVANAUGH'],,
153,1415 WESTERN LLC,1415 WESTERN LLC,RT MANAGEMENT LLC,602 986 272,1146745,"3025 HARBORVIEW DR, GIG HARBOR, WA, 98335, UNITED STATES",Active,['TIMOTHY CAVANAUGH'],,
154,1415 WESTERN LLC,1415 WESTERN LLC,"RIVC II, LLP",601 981 949,258725,"999 N NORTHLAKE WAY, 200, SEATTLE, WA, 98103-3422, UNITED STATES",Active,['TIMOTHY CAVANAUGH'],,
155,1415 WESTERN LLC,1415 WESTERN LLC,"QUALITAS, LLC",603 135 015,893821,"1130 ANDOVER PARK E, TUKWILA, WA, 98188-3903, UNITED STATES",Active,"['DOUGLAS STEWART', 'TIMOTHY CAVANAUGH']",,
156,1415 WESTERN LLC,1415 WESTERN LLC,"NAIDA, L.L.C.",602 024 991,859712,"4616 25TH AVE NE # 770, SEATTLE, WA, 98105-4183, UNITED STATES",Active,"['SARAH CAVANAUGH', 'TIMOTHY CAVANAUGH']",,
157,1415 WESTERN LLC,1415 WESTERN LLC,DUNE LAKES HOMEOWNERS' ASSOCIATION,602 314 385,658811,"8540 DUNE LAKE RD SE, MOSES LAKE, WA, 98837-8228, UNITED STATES",Administratively Dissolved,"['ANDREW OSTENBERG', 'DENNIS MITTELSTAEDT', 'DIANNA PFEIFER', 'LANCE SMITH', 'SHERI JACOBSEN', 'TIMOTHY CAVANAUGH']",,
158,1415 WESTERN LLC,1415 WESTERN LLC,"CREEK V, LLC",602 386 856,1107300,"2505 3RD AVE STE 200, SEATTLE, WA, 98121, UNITED STATES",Administratively Dissolved,"['TIMOTHY CAVANAUGH', 'TIMOTHY CAVANAUGH']",,
159,1415 WESTERN LLC,1415 WESTERN LLC,"CREEK IV, LLC",602 386 854,127381,"2505 3RD AVE STE 200, SEATTLE, WA, 98121, UNITED STATES",Administratively Dissolved,"['TIMOTHY CAVANAUGH', 'TIMOTHY CAVANAUGH']",,
160,1415 WESTERN LLC,1415 WESTERN LLC,"CREEK II, LLC",602 386 850,632272,"2505 3RD AVE STE 200, SEATTLE, WA, 98121, UNITED STATES",Inactive,"['TIMOTHY CAVANAUGH', 'TIMOTHY CAVANAUGH']",,
161,1415 WESTERN LLC,1415 WESTERN LLC,2940 FAIRVIEW LLC,604 106 401,37498,"2607 2ND AVE STE 300, SEATTLE, WA, 98121, UNITED STATES",Administratively Dissolved,"['MARC ANGELILLO', 'RALPH PASCUALY', 'THOMAS LINDQUIST', 'TIMOTHY CAVANAUGH']",,
162,1415 WESTERN LLC,1415 WESTERN LLC,1415 WESTERN LLC,603 397 806,762885,"4616 25TH AVE NE, #773, SEATTLE, WA, 98105-4183, UNITED STATES",Active,['TIMOTHY CAVANAUGH'],,
163,VIRGINIA STREET JOINT VENTURE LLC,VIRGINIA STREET JOINT VENTURE LLC,VIRGINIA STREET JOINT VENTURE LLC,604 063 765,1082783,"2107 ELLIOTT AVE STE 303, SEATTLE, WA, 98121-2159, UNITED STATES",Active,['THIRD AND VIRGINIA HOLDINGS LLC'],,
164,4TH AVENUE BLDG LLC,4TH AVENUE BLDG LLC,"VANDARA, INC.",603 177 719,1066761,"11221 PACIFIC HWY SW, LAKEWOOD, WA, 98499, UNITED STATES",Voluntarily Dissolved,"['ANN SCHNITZER', 'DANNY SCHNITZER']",,
165,4TH AVENUE BLDG LLC,4TH AVENUE BLDG LLC,TRURO LLC,604 168 319,496168,"11221 PACIFIC HWY SW, LAKEWOOD, WA, 98499, UNITED STATES",Voluntarily Dissolved,"['ANN SCHNITZER', 'DANNY SCHNITZER']",,
166,4TH AVENUE BLDG LLC,4TH AVENUE BLDG LLC,SCHNITZER FAMILY INVESTMENT LLC,601 840 559,414775,,Inactive,['DANNY SCHNITZER'],,
167,4TH AVENUE BLDG LLC,4TH AVENUE BLDG LLC,RAINIER CAPITAL MANAGEMENT LLC,602 154 399,913056,"11221 PACIFIC HWY SW, LAKEWOOD, WA, 98499-5170, UNITED STATES",Voluntarily Dissolved,"['ANN SCHNITZER', 'DANNY SCHNITZER']",,
168,4TH AVENUE BLDG LLC,4TH AVENUE BLDG LLC,PORT ORCHARD NORTH AIRPARK ASSOCIATION,602 331 793,940463,"11221 PACIFIC HWY SW, LAKEWOOD, WA, 98499-5170, UNITED STATES",Voluntarily Dissolved,"['ANN SCHNITZER', 'DANNY SCHNITZER']",,
169,4TH AVENUE BLDG LLC,4TH AVENUE BLDG LLC,PINNACLE HOLDING LLC,601 905 445,386742,"11221 PACIFIC WHY SW, LAKEWOOD, WA, 98499, UNITED STATES",Administratively Dissolved,"['DANNY SCHNITZER', 'STEVE GRIFFITHS']",,
170,4TH AVENUE BLDG LLC,4TH AVENUE BLDG LLC,"HEPNER, INC.",603 177 727,752312,"11221 PACIFIC HWY SW, LAKEWOOD, WA, 98499, UNITED STATES",Voluntarily Dissolved,"['ANN SCHNITZER', 'DANNY SCHNITZER']",,
171,4TH AVENUE BLDG LLC,4TH AVENUE BLDG LLC,GIG HARBOR NORTH HANGAR CLUB,601 128 786,714700,,Voluntarily Dissolved,"['ANN SCHNITZER', 'DANNY SCHNITZER']",,
172,4TH AVENUE BLDG LLC,4TH AVENUE BLDG LLC,GIG HARBOR NORTH AIRSTRIP ASSOCIATION,601 128 784,183646,,Voluntarily Dissolved,"['ANN SCHNITZER', 'DANNY SCHNITZER']",,
173,4TH AVENUE BLDG LLC,4TH AVENUE BLDG LLC,FUNDY BAY LLC,604 164 277,705086,"11221 PACIFIC HWY SW, LAKEWOOD, WA, 98499, UNITED STATES",Voluntarily Dissolved,"['ANN SCHNITZER', 'DANNY SCHNITZER']",,
174,4TH AVENUE BLDG LLC,4TH AVENUE BLDG LLC,ELHI RIM LLC,604 282 804,1207296,"11221 PACIFIC HWY SW, LAKEWOOD, WA, 98499-5170, UNITED STATES",Active,"['ANN SCHNITZER', 'DANNY SCHNITZER', 'JOHN DORMAN', 'SFI HOLDING LLC']",,
175,4TH AVENUE BLDG LLC,4TH AVENUE BLDG LLC,EDGEMARK LLC,604 750 871,1459473,"11221 PACIFIC HWY SW, LAKEWOOD, WA, 98499-5170, UNITED STATES",Active,"['ANN SCHNITZER', 'DANNY SCHNITZER']",,
176,4TH AVENUE BLDG LLC,4TH AVENUE BLDG LLC,DAR - MERCER ISLAND LLC,602 598 747,649538,"11221 PACIFIC HWY SW, LAKEWOOD, WA, 98499, UNITED STATES",Administratively Dissolved,"['ANN SCHNITZER', 'DANNY SCHNITZER', 'DANNY SCHNITZER', 'RYAN SCHNITZER', 'RYAN SCHNITZER']",,
177,4TH AVENUE BLDG LLC,4TH AVENUE BLDG LLC,CAPE BRETON LLC,604 166 521,89834,"11221 PACIFIC HWY SW, LAKEWOOD, WA, 98499, UNITED STATES",Voluntarily Dissolved,"['ANN SCHNITZER', 'DANNY SCHNITZER']",,
178,4TH AVENUE BLDG LLC,4TH AVENUE BLDG LLC,4TH AVENUE BLDG LLC,602 253 701,95495,,Administratively Dissolved,['DANNY SCHNITZER'],,
179,4TH AVENUE BLDG LLC,4TH AVENUE BLDG LLC,4-20 PROPERTIES 1 LLC,604 273 070,1200919,"11221 PACIFIC HWY SW, LAKEWOOD, WA, 98499-5170, UNITED STATES",Voluntarily Dissolved,"['4-20 HOLDING LLC', 'ANN SCHNITZER', 'DANNY SCHNITZER']",,
180,4TH AVENUE BLDG LLC,4TH AVENUE BLDG LLC,YELM CREEK ESTATES HOMEOWNERS ASSOCIATION,603 227 911,1082432,"11221 PACIFIC HWY SW, GIG HARBOR, WA, 98335, UNITED STATES",Active,"['ANN C SCHNITZER', 'DANNY R SCHNITZER']",,
181,4TH AVENUE BLDG LLC,4TH AVENUE BLDG LLC,WLC LLC,604 155 627,1089221,"11221 PACIFIC HWY SW, LAKEWOOD, WA, 98499-5170, UNITED STATES",Active,['DANNY R SCHNITZER'],,
182,4TH AVENUE BLDG LLC,4TH AVENUE BLDG LLC,THREE FORKS LLC,604 157 304,1074474,"11221 PACIFIC HWY SW, LAKEWOOD, WA, 98499-5170, UNITED STATES",Active,['DANNY R SCHNITZER'],,
183,4TH AVENUE BLDG LLC,4TH AVENUE BLDG LLC,"SUN OUTDOOR ADVERTISING, L.L.C.",602 313 759,979363,"11221 PACIFIC HWY SW, LAKEWOOD, WA, 98499-5170, UNITED STATES",Active,['DANNY R SCHNITZER'],,
184,4TH AVENUE BLDG LLC,4TH AVENUE BLDG LLC,SFI CAPITAL LLC,602 154 396,929579,"11221 PACIFIC HWY SW, LAKEWOOD, WA, 98499-5170, UNITED STATES",Active,['DANNY R SCHNITZER'],,
185,4TH AVENUE BLDG LLC,4TH AVENUE BLDG LLC,"RAINIER EVERGREEN, INC.",600 175 627,934817,"11221 PACIFIC HWY SW, TACOMA, WA, 98499-5170, UNITED STATES",Active,['DANNY R SCHNITZER'],,
186,4TH AVENUE BLDG LLC,4TH AVENUE BLDG LLC,RAINIER CAPITAL GROUP LLC,602 154 401,897578,"11221 PACIFIC HWY SW, LAKEWOOD, WA, 98499-5170, UNITED STATES",Active,['DANNY R SCHNITZER'],,
187,4TH AVENUE BLDG LLC,4TH AVENUE BLDG LLC,"PORT ORCHARD AIRPORT, INC.",601 433 328,894949,"11221 PACIFIC HWY SW, TACOMA, WA, 98499-5170, UNITED STATES",Active,['DANNY R SCHNITZER'],,
188,4TH AVENUE BLDG LLC,4TH AVENUE BLDG LLC,MISSOURI LLC,604 160 919,336194,"11221 PACIFIC HWY SW, LAKEWOOD, WA, 98499-5170, UNITED STATES",Active,['DANNY R SCHNITZER'],,
189,4TH AVENUE BLDG LLC,4TH AVENUE BLDG LLC,MARLEE APARTMENTS LLC,604 086 448,1131667,"11221 PACIFIC HWY SW, LAKEWOOD, WA, 98499-5170, UNITED STATES",Active,['DANNY R SCHNITZER'],,
190,4TH AVENUE BLDG LLC,4TH AVENUE BLDG LLC,LV PALMS LLC,603 082 763,308541,"11221 PACIFIC HWY SW, LAKEWOOD, WA, 98499-5170, UNITED STATES",Voluntarily Dissolved,"['ANN C SCHNITZER', 'DANNY R SCHNITZER']",,
191,4TH AVENUE BLDG LLC,4TH AVENUE BLDG LLC,LOHII LLC,602 637 038,817887,"11221 PACIFIC HWY SW, LAKEWOOD, WA, 98499-5170, UNITED STATES",Active,"['DANNY R SCHNITZER', 'WSOS RAINIER CAPITAL MANAGEMENT LLC']",,
192,4TH AVENUE BLDG LLC,4TH AVENUE BLDG LLC,JOHANNESBURG LLC,603 351 239,757507,"11221 PACIFIC HWY SW, LAKEWOOD, WA, 98499-5170, UNITED STATES",Active,['DANNY R SCHNITZER'],,
193,4TH AVENUE BLDG LLC,4TH AVENUE BLDG LLC,FAIRFAX LLC,604 154 333,172566,"11221 PACIFIC HWY SW, LAKEWOOD, WA, 98499-5170, UNITED STATES",Active,['DANNY R SCHNITZER'],,
194,4TH AVENUE BLDG LLC,4TH AVENUE BLDG LLC,CARBON GLACIER CLUB LLC,602 356 345,87920,"11221 PACIFIC HWY SW, LAKEWOOD, WA, 98499-5170, UNITED STATES",Active,"['ANN SCHNITZER', 'DANNY R SCHNITZER']",,
195,4TH AVENUE BLDG LLC,4TH AVENUE BLDG LLC,BIGHORN MT LLC,604 168 968,64244,"11221 PACIFIC HWY SW, LAKEWOOD, WA, 98499-5170, UNITED STATES",Active,['DANNY R SCHNITZER'],,
196,4TH AVENUE BLDG LLC,4TH AVENUE BLDG LLC,BEAVERHEAD LLC,604 157 996,573998,"11221 PACIFIC HWY SW, LAKEWOOD, WA, 98499-5170, UNITED STATES",Active,['DANNY R SCHNITZER'],,
197,4TH AVENUE BLDG LLC,4TH AVENUE BLDG LLC,"9555 SOUTHEAST, LLC",602 566 624,9706,"11221 PACIFIC HWY SW, LAKEWOOD, WA, 98499-5170, UNITED STATES",Active,['DANNY R SCHNITZER'],,
198,4TH AVENUE BLDG LLC,4TH AVENUE BLDG LLC,4TH AVENUE BLDG LLC,604 065 660,95496,"11221 PACIFIC HWY SW, LAKEWOOD, WA, 98499-5170, UNITED STATES",Active,['DANNY R SCHNITZER'],,
199,4&U COMMERCIAL LLC,4&U COMMERCIAL LLC,PSG3 LLC,604 927 574,1570561,"1505 5TH AVE STE 600, SEATTLE, WA, 98101-1678, UNITED STATES",Active,"['MATT ROSAUER', 'SEAN K GRIFFEE']",,
200,4&U COMMERCIAL LLC,4&U COMMERCIAL LLC,PSG S&L L.L.C.,602 787 460,908423,"5825 221ST PL SE STE 200, ISSAQUAH, WA, 98027-8927, UNITED STATES",Active,"['MATT ROSAUER', 'ROBERT SEIDEL']",,
201,4&U COMMERCIAL LLC,4&U COMMERCIAL LLC,PINE STREET GROUP L.L.C.,602 094 622,905081,"1505 5TH AVE, SUITE 600, SEATTLE, WA, 98101-1678, UNITED STATES",Active,['MATT ROSAUER'],,
202,4&U COMMERCIAL LLC,4&U COMMERCIAL LLC,PINE STREET ASSOCIATES III L.L.C.,602 754 769,879596,"5825 221ST PL SE STE 200, ISSAQUAH, WA, 98027-8927, UNITED STATES",Active,"['MATT GRIFFIN', 'MATT ROSAUER']",,
203,4&U COMMERCIAL LLC,4&U COMMERCIAL LLC,4&U COMMERCIAL LLC,604 924 093,1570750,"1505 5TH AVE STE 600, SEATTLE, WA, 98101-1678, UNITED STATES",Active,"['MATT ROSAUER', 'SEAN K GRIFFEE']",,
204,FANA DOYLE LLC,FANA DOYLE LLC,"VELOCITEL MANAGEMENT SERVICES, INC.",602 058 916,1047717,,Terminated,"['AVY STEIN', 'CHRIS BOEHM', 'JAMES ESTES', 'JOHN POWERS', 'ROBERT FROETSCHER', 'RONALD BLAKE', 'STEPHEN CHIOTTI']",,
205,FANA DOYLE LLC,FANA DOYLE LLC,"REDLINE RECOVERY SERVICES, LLC",602 297 229,406787,,Terminated,"['GREG PAULO', 'HOWARD GIBBS', 'JOHN POWERS', 'LARRY BURKE', 'MICHAEL FLETCHER']",,
206,FANA DOYLE LLC,FANA DOYLE LLC,"POWERS GROUP, INC. DBA POWERS INSURANCE AND RISK MANAGEMENT, INC.",604 759 784,1462584,"6825 CLAYTON AVE STE 200, SAINT LOUIS, MO, 63139-3749, UNITED STATES",Active,"['ELIZABETH POWERS', 'HENRY POWERS', 'JOHN POWERS', 'PIERCE POWERS']",,
207,FANA DOYLE LLC,FANA DOYLE LLC,POWERS & ASSOCIATES INC.,602 898 396,1141997,"1224 W RIVERSIDE AVE APT 508, SPOKANE, WA, 99201, UNITED STATES",Active,['JOHN POWERS'],,
208,FANA DOYLE LLC,FANA DOYLE LLC,P R PAINTING COMPANY,602 054 783,370188,,Terminated,"['JANE ZDUNEK', 'JOHN POWERS', 'JORGE RETANA']",,
209,FANA DOYLE LLC,FANA DOYLE LLC,OLYMPIC FINANCE DEVELOPMENT AUTHORITY,603 003 549,381355,"PO BOX 1085, PORT ANGELES, WA, 98362, UNITED STATES",Administratively Dissolved,"['JOHN POWERS', 'LINDA ROTMARK', 'MARTY GAY', 'MATT MATAYOSHI', 'RANDY JOHNSON', 'ROB DREXLER']",,
210,FANA DOYLE LLC,FANA DOYLE LLC,MOUNT BALDY L.L.C.,602 017 059,849628,"1179 N BAUER ROAD, RITZVILLE, WA, 99169, UNITED STATES",Active,"['JOHN POWERS', 'SALLY POWERS']",,
211,FANA DOYLE LLC,FANA DOYLE LLC,JPSD CAPITAL LLC,604 061 457,759914,"17246 SE 46TH ST, BELLEVUE, WA, 98006, UNITED STATES",Active,['JOHN POWERS'],,
212,FANA DOYLE LLC,FANA DOYLE LLC,"INPHOTO SURVEILLANCE, INC.",601 480 812,756038,,Terminated,"['JOHN POWERS', 'MICHAEL CHERKASKY', 'MICHEAL ROSEN', 'RUSSELL AARONSON', 'SABRENA PEREL']",,
213,FANA DOYLE LLC,FANA DOYLE LLC,"GOVERNMENT COMPUTER SALES, INC.",602 542 238,207723,"1654 20TH AVE, SEATTLE, WA, 98122-2806, UNITED STATES",Active,"['JOHN POWERS', 'SARA POWERS']",,
214,FANA DOYLE LLC,FANA DOYLE LLC,FANA SEATAC LLC,603 532 815,687629,"10655 NE 4TH ST STE 700, BELLEVUE, WA, 98004-5039, UNITED STATES",Active,"['FIROZ LALJI', 'JOHN POWERS', 'MICHAEL CHASE', 'NAJMA LALJI']",,
215,FANA DOYLE LLC,FANA DOYLE LLC,FANA NORTHLAKE LLC,604 035 608,174086,"10655 NE 4TH ST #700, BELLEVUE, WA, 98004, UNITED STATES",Active,"['FIROZ LALJI', 'JOHN POWERS', 'MICHAEL CHASE', 'NAJMA LALJI']",,
216,FANA DOYLE LLC,FANA DOYLE LLC,FANA FOUR 106 LLC,603 526 560,200273,"10655 NE 4TH ST STE 700, BELLEVUE, WA, 98004-5039, UNITED STATES",Active,"['FIROZ LALJI', 'JOHN POWERS', 'MICHAEL CHASE', 'NAJMA LALJI']",,
217,FANA DOYLE LLC,FANA DOYLE LLC,FANA EIGHT 106 LLC,604 443 734,1277450,"10655 NE 4TH ST #700, BELLEVUE, WA, 98004, UNITED STATES",Active,"['FIROZ LALJI', 'JOHN POWERS', 'MICHAEL W CHASE', 'NAJMA LALJI', 'SEAN DURBIN']",,
218,FANA DOYLE LLC,FANA DOYLE LLC,FANA DOYLE LLC,603 228 327,173583,"10655 NE 4TH ST STE 700, BELLEVUE, WA, 98004-5039, UNITED STATES",Active,"[' FANA PROPERTIES LLC', 'JOHN POWERS', 'MICHAEL CHASE']",,
219,FANA DOYLE LLC,FANA DOYLE LLC,FANA BRICKELL 51B LLC,603 461 979,693080,"10655 NE 4TH ST STE 700, BELLEVUE, WA, 98004-5039, UNITED STATES",Administratively Dissolved,"[' FANA CAPITAL CORP', 'FIROZ LALJI', 'JOHN POWERS', 'MICHAEL CHASE']",,
220,FANA DOYLE LLC,FANA DOYLE LLC,"FANA BALLARD, LLC",604 365 441,1245161,"10655 NE 4TH ST STE 700, BELLEVUE, WA, 98004-5039, UNITED STATES",Active,"['FIROZ LALJI', 'JOHN POWERS', 'MICHAEL CHASE', 'SEAN DURBIN']",,
221,FANA DOYLE LLC,FANA DOYLE LLC,"FANA BAKER CENTER, LLC",604 150 768,697538,"10655 NE 4TH ST #700, BELLEVUE, WA, 98004, UNITED STATES",Active,"['FIROZ LALJI', 'JOHN POWERS', 'MICHAEL CHASE', 'NAJMA LALJI']",,
222,FANA DOYLE LLC,FANA DOYLE LLC,FANA 305 LLC,603 408 585,177885,"10655 NE 4TH ST STE 700, BELLEVUE, WA, 98004-5039, UNITED STATES",Active,"['FIROZ LALJI', 'JOHN POWERS', 'MICHAEL CHASE']",,
223,FANA DOYLE LLC,FANA DOYLE LLC,D. & S. DEVELOPMENT COMPANY,601 147 689,153133,"1179 N BAUER ROAD, RITZVILLE, WA, 99169, UNITED STATES",Voluntarily Dissolved,"['ANDREA PATTERSON', 'CHRISTINE POWERS', 'DAVID POWERS', 'JOHN POWERS', 'NATHAN POWERS', 'SALLY POWERS']",,
224,FANA DOYLE LLC,FANA DOYLE LLC,"CHUCKANUT RIDGE WINE COMPANY, LLC",602 681 257,106152,"1201 11TH STRET #304, BELLINGHAM, WA, 98225, UNITED STATES",Inactive,"['JOHN POWERS', 'MICHAEL BURNETT']",,
225,FANA DOYLE LLC,FANA DOYLE LLC,"WESTHILL INVESTMENTS, LLC",602 037 760,1087624,"10655 NE 4TH ST STE 700, BELLEVUE, WA, 98004-5039, UNITED STATES",Active,"['FIROZ LALJI', 'MICHAEL CHASE', 'NAJMA LALJI']",,
226,FANA DOYLE LLC,FANA DOYLE LLC,"WCB THREE, INC.",601 582 558,510511,,Terminated,"['EDWARD DI ORIO', 'MICHAEL CHASE', 'SEAN TABOR', 'TED HOOVER']",,
227,FANA DOYLE LLC,FANA DOYLE LLC,"WCB ONE, INC.",601 582 557,326299,,Terminated,"['EDWARD DI ORIO', 'MICHAEL CHASE', 'SEAN TABOR', 'TED HOOVER']",,
228,FANA DOYLE LLC,FANA DOYLE LLC,"WCB MANAGEMENT GEN-PAR, INC.",601 582 556,515284,,Terminated,"['EDWARD DI ORIO', 'MICHAEL CHASE', 'SEAN TABOR', 'TED HOOVER']",,
229,FANA DOYLE LLC,FANA DOYLE LLC,TRINAF FEDERAL WAY CROSSINGS III LLC,602 745 619,999200,"12819 SE 39TH ST, SUITE 34, BELLEVUE, WA, 98006, UNITED STATES",Terminated,"['FIROZ LALJI', 'MICHAEL CHASE']",,
230,FANA DOYLE LLC,FANA DOYLE LLC,TRINAF FEDERAL WAY CROSSINGS II LLC,602 662 038,999199,"C/O THE CORPORATION TRUST COMP, 1209 ORANGE ST., WILMINGTON, DE, 19801, UNITED STATES",Terminated,"[' TRINAF FEDERAL WAY CROSSINGS', 'MICHAEL CHASE']",,
231,FANA DOYLE LLC,FANA DOYLE LLC,SUNRAY FEDERAL WAY CROSSINGS III LLC,602 745 621,290232,"12819 SE 38TH ST, SUITE 34, BELLEVUE, WA, 98006, UNITED STATES",Terminated,"['FIROZ LALJI', 'MICHAEL CHASE']",,
232,FANA DOYLE LLC,FANA DOYLE LLC,"SUNRAY FEDERAL WAY CROSSINGS II, LLC",602 662 042,453904,"C/O THE CORPORATE TRUST CO., 1209 ORANGE ST., WILMINGTON, DE, 19801, UNITED STATES",Terminated,"[' SUNRAY FEDERAL WAY CROSSINGS', 'MICHAEL CHASE']",,
233,FANA DOYLE LLC,FANA DOYLE LLC,STRANDER FANA CORP.,601 131 868,1152594,,Administratively Dissolved,"['FIROZ LALJI', 'MICHAEL CHASE', 'NAJMA LALJI']",,
234,FANA DOYLE LLC,FANA DOYLE LLC,SEATTLE VENTURE FUND LLC,602 004 042,1002225,"10655 NE 4TH ST STE 700, BELLEVUE, WA, 98004-5039, UNITED STATES",Administratively Dissolved,"['FIREZ LALJI', 'MICHAEL CHASE', 'ROBERT LATHROP']",,
235,FANA DOYLE LLC,FANA DOYLE LLC,REMIX CORP. II,601 132 027,255654,"10655 NE 4TH ST, SUITE 700, BELLEVUE, WA, 98004-5039, UNITED STATES",Active,"['FIROZ LALJI', 'MICHAEL CHASE', 'NAJMA LALJI']",,
236,FANA DOYLE LLC,FANA DOYLE LLC,"NEWPORT VENTURES, L.L.C.",601 661 757,887874,"10655 NE 4TH ST STE 700, BELLEVUE, WA, 98004-5039, UNITED STATES",Active,"[' FANA CAPITAL CORP', 'LALJI FIROZ', 'MICHAEL CHASE']",,
237,FANA DOYLE LLC,FANA DOYLE LLC,FIRST FINANCIAL L.L.C.,601 922 942,705508,"10655 NE 4TH ST STE 700, BELLEVUE, WA, 98004-5039, UNITED STATES",Active,"['FIROZ LALJI', 'MICHAEL CHASE']",,
238,FANA DOYLE LLC,FANA DOYLE LLC,FEDERAL WAY MASTER TENANT LLC,602 746 033,201855,"12819 SE 38TH ST., SUITE 34, BELLEVUE, WA, 98006, UNITED STATES",Administratively Dissolved,"['AL JIWANI', 'FIROZ LALJI', 'MICHAEL CHASE']",,
239,FANA DOYLE LLC,FANA DOYLE LLC,FANA UNIFIED COMMUNICATIONS LLC,604 053 969,697540,"10655 NE 4TH ST STE 700, BELLEVUE, WA, 98004, UNITED STATES",Administratively Dissolved,"['FIROZ LALJI', 'MICHAEL CHASE']",,
240,FANA DOYLE LLC,FANA DOYLE LLC,FANA TBC INC.,602 019 834,685039,"10655 NE 4TH ST, STE 700, BELLEVUE, WA, 98004, UNITED STATES",Administratively Dissolved,"['FIROZ LALJI', 'MICHAEL CHASE', 'NAJMA LALJI']",,
241,FANA DOYLE LLC,FANA DOYLE LLC,FANA R.T. COMPANY LLC,602 183 831,673613,"10655 NE 4TH ST STE 700, BELLEVUE, WA, 98004-5039, UNITED STATES",Active,"['FIROZ LALJI', 'MICHAEL CHASE']",,
242,FANA DOYLE LLC,FANA DOYLE LLC,FANA PROPERTY MANAGEMENT CORP.,602 775 438,173584,"10655 NE 4TH ST STE 700, BELLEVUE, WA, 98004-5039, UNITED STATES",Active,"['FIROZ LALJI', 'MICHAEL CHASE', 'NAJMA LALJI']",,
243,FANA DOYLE LLC,FANA DOYLE LLC,FANA KEY LLC,603 228 329,685268,"10655 NE 4TH ST STE 700, BELLEVUE, WA, 98004-5039, UNITED STATES",Active,"['FANA PROPERTIES LLC', 'FIROZ LALJI', 'MICHAEL CHASE', 'NATASHA LALJI STOCK TRUST']",,
244,FANA DOYLE LLC,FANA DOYLE LLC,"FANA HOTELS, INC.",601 223 498,693081,,Administratively Dissolved,"['FIROZ LALJI', 'MICHAEL CHASE', 'NAJMA LALJI']",,
245,FANA DOYLE LLC,FANA DOYLE LLC,FANA FISHER ISLAND LLC,602 912 526,701054,"10655 NE 4TH ST STE 700, BELLEVUE, WA, 98004-5039, UNITED STATES",Active,"['FIROZ LALJI', 'MICHAEL CHASE', 'NAJMA LALJI']",,
246,FANA DOYLE LLC,FANA DOYLE LLC,FANA FEDERAL WAY CROSSINGS LIMITED PARTNERSHIP,602 578 028,200272,"10655 NE 4TH ST #700, BELLEVUE, WA, 98004, UNITED STATES",Active,"['FIR0Z LALJI', 'MICHAEL CHASE']",,
247,FANA DOYLE LLC,FANA DOYLE LLC,FANA CORPORATION,601 022 143,1113891,"10655 NE 4TH ST STE 700, BELLEVUE, WA, 98004-5039, UNITED STATES",Active,"['FIROZ LALJI', 'MICHAEL CHASE', 'NAJMA LALJI']",,
248,FANA DOYLE LLC,FANA DOYLE LLC,FANA COMFORT LLC,602 615 759,200271,,Merged,"['FIROZ LALJI', 'MICHAEL CHASE']",,
249,FANA DOYLE LLC,FANA DOYLE LLC,FANA CHARTERS LLC,602 533 707,697539,"10655 NE 4TH ST STE 700, BELLEVUE, WA, 98004-5039, UNITED STATES",Active,"[' FANA CAPITAL CORP', 'FIROZ LALJI', 'MICHAEL CHASE']",,
250,FANA DOYLE LLC,FANA DOYLE LLC,FANA CAPITAL CORP.,601 660 159,177887,"10655 NE 4TH ST STE 700, BELLEVUE, WA, 98004-5039, UNITED STATES",Active,"['FIROZ LALJI', 'MICHAEL CHASE', 'NAJMA LALJI']",,
251,FANA DOYLE LLC,FANA DOYLE LLC,FANA BEAVER CREEK INC.,602 004 650,1113890,"10655 NE 4TH ST STE 700, BELLEVUE, WA, 98004-5039, UNITED STATES",Active,"['FIROZ LALJI', 'MICHAEL CHASE', 'NAJMA LALJI']",,
252,FANA DOYLE LLC,FANA DOYLE LLC,FANA AUBURN LLC,602 396 398,119913,"10655 NE 4TH ST STE 700, BELLEVUE, WA, 98004-5039, UNITED STATES",Active,"['FIROZ LALJI', 'MICHAEL CHASE']",,
253,FANA DOYLE LLC,FANA DOYLE LLC,FANA AUBURN 234 LLC,602 484 622,685037,"10655 NE 4TH ST STE 700, BELLEVUE, WA, 98004-5039, UNITED STATES",Active,"['FIROZ LALJI', 'MICHAEL CHASE', 'MICHAEL CHASE']",,
254,FANA DOYLE LLC,FANA DOYLE LLC,FANA ACQUISITIONS LLC,603 098 651,700982,"10655 NE 4TH ST STE 700, BELLEVUE, WA, 98004-5039, UNITED STATES",Active,"['FIROZ LALJI', 'MICHAEL CHASE']",,
255,FANA DOYLE LLC,FANA DOYLE LLC,FANA 98.6 LLC,604 164 401,685036,"10655 NE 4TH ST STE 700, BELLEVUE, WA, 98004, UNITED STATES",Active,"['FIROZ LALJI', 'MICHAEL CHASE']",,
256,FANA DOYLE LLC,FANA DOYLE LLC,FANA 4TH AVE. LLC,602 499 325,173582,"10655 NE 4TH ST STE 700, BELLEVUE, WA, 98004-5039, UNITED STATES",Active,"['FIROZ LALJI', 'MICHAEL CHASE', 'MICHAEL CHASE']",,
257,FANA DOYLE LLC,FANA DOYLE LLC,FANA 128TH DEVELOPMENT CORP.,602 631 358,181495,"16400 SOUTHCENTER PARKWAY, STE 204, TUKWILA, WA, 98188, UNITED STATES",Administratively Dissolved,"['FIROZ LALJI', 'FIROZ LALJI', 'MICHAEL CHASE', 'NAJMA LALJI']",,
258,FANA DOYLE LLC,FANA DOYLE LLC,ESTANCIA CONDOMINIUMS LLC,602 520 163,1112967,"16400 SOUTHCENTER PKWY, STE 204, TUKWILA, WA, 98188, UNITED STATES",Administratively Dissolved,"[' FANA CAPITAL CORP', 'MICHAEL CHASE', 'MICHAEL W CHASE']",,
259,FANA DOYLE LLC,FANA DOYLE LLC,CHASE CAPITAL CORP.,602 004 659,105668,,Administratively Dissolved,"['DEED BARRET-CHASE', 'MICHAEL CHASE']",,
260,FANA DOYLE LLC,FANA DOYLE LLC,AMERICAN LIBERTY CAPITAL CORPORATION,601 891 043,539937,,Terminated,['MICHAEL CHASE'],,
261,FANA DOYLE LLC,FANA DOYLE LLC,4GREENERGY USA INC.,603 135 624,161393,"15TH S GRADY WAY #424, RENTON, WA, 98057, UNITED STATES",Terminated,"['MICHAEL CHASE', 'MICHAEL NGUYEN']",,
262,FANA DOYLE LLC,FANA DOYLE LLC,"1MANHANDYMAN, LLC",604 915 788,1567466,"408 S 15TH AVE, YAKIMA, WA, 98902-3824, UNITED STATES",Active,"['1MANHANDYMAN, LLC', 'MICHAEL CHASE']",,
263,FANA DOYLE LLC,FANA DOYLE LLC,128TH DEVELOPMENT L.P.,602 633 001,59111,"10655 NE 4TH ST # 700, BELLEVUE, WA, 98004, UNITED STATES",Administratively Dissolved,['MICHAEL CHASE'],,
264,TARGET CORPORATION,TARGET CORPORATION,TARGET CORPORATION,601 007 793,294338,"1000 NICOLLET MALL, MINNEAPOLIS, MN, 55403-2542, UNITED STATES",Active,['ANTHONY HEREDIA'],,
265,WASHINGTON STATE CONVENTION CENTER,WASHINGTON STATE CONVENTION CENTER,WASHINGTON STATE CONVENTION CENTER,601 074 722,1075657,"800 CONVENTION PLACE, 5TH FLOOR, SEATTLE, WA, 98101, UNITED STATES",Administratively Dissolved,"['ED BARNES', 'JOHN CHRISTENSON', 'LINDA WILLANGER', 'ROBERT FLOWERS']",,
266,WASHINGTON STATE CONVENTION CENTER,WASHINGTON STATE CONVENTION CENTER,"NE14CQ, L.L.C.",602 799 892,345098,"1101 CEDAR ST, WENATCHEE, WA, 98801-2508, UNITED STATES",Active,"['KENNETH FULKERSON', 'LINDA WILLANGER', 'STEVE FULKERSON']",,
267,WASHINGTON STATE CONVENTION CENTER,WASHINGTON STATE CONVENTION CENTER,THREE RIVERS UNITARIAN UNIVERSALISTS,602 586 009,307435,"1166 ADAIR DRIVE, RICHLAND, WA, 99352, UNITED STATES",Administratively Dissolved,"['CAROLINE BOWDISH', 'GERRY MARTIN', 'H MATT SMITH', 'JOHN CHRISTENSON']",,
268,WASHINGTON STATE CONVENTION CENTER,WASHINGTON STATE CONVENTION CENTER,"DENNY CHRISTENSON & ASSOCIATES, INC.",602 256 207,142449,"921 W FALCON AVE, SPOKIANE, WA, 99218-2605, UNITED STATES",Active,"['JOHN CHRISTENSON', 'MARCIA CHRISTENSON']",,
269,WASHINGTON STATE CONVENTION CENTER,WASHINGTON STATE CONVENTION CENTER,"BC LEGAL PROPERTIES, LLC",602 843 841,566277,,Voluntarily Dissolved,"['JOHN CHRISTENSON', 'STEPHEN BULZOMI']",,
270,WASHINGTON STATE CONVENTION CENTER,WASHINGTON STATE CONVENTION CENTER,"ARRIS, L. L. C.",601 719 099,30239,,Voluntarily Dissolved,['JOHN CHRISTENSON'],,
271,WASHINGTON STATE CONVENTION CENTER,WASHINGTON STATE CONVENTION CENTER,HNTB FEDERAL SERVICES CORPORATION,602 485 412,742824,"715 KIRK DR, KANSAS CITY, MO, 64108, UNITED STATES",Terminated,"['BARRY MCCAFFREY', 'CRAIG DENSON', 'EDWARD MCSPEDON', 'JAMES RILEY', 'JOSEPH MCGONAGLE', 'KENNETH GRAHAM', 'ROBERT FLOWERS', 'SCOTT SMITH', 'TERRY CAMPBELL', 'TERRY MILLER']",,
272,WASHINGTON STATE CONVENTION CENTER,WASHINGTON STATE CONVENTION CENTER,GILES CONSULTING GROUP LLC,602 501 028,713832,"583 BATTERY ST #3902N, SEATTLE, WA, 98121, UNITED STATES",Active,"['CHRISTOPHER FLOWERS', 'ROBERT FLOWERS', 'ROSS FLOWERS']",,
273,WASHINGTON STATE CONVENTION CENTER,WASHINGTON STATE CONVENTION CENTER,FLOWERS DENTAL DESIGN LLC,604 875 211,1536103,"8607 22ND ST W, UNIVERSITY PL, WA, 98466-2943, UNITED STATES",Delinquent,"['ROBERT FLOWERS', 'ROBERT FLOWERS']",,
274,1200 HOWELL STREET LLC,1200 HOWELL STREET LLC,1515 DEXTER LLC,604 195 132,1166523,"1924 1ST AVE STE 300, C/O BURRARD PROPERTIES INC., SEATTLE, WA, 98101-4802, UNITED STATES",Active,"['BURRARD DEVELOPMENT LLC', 'DAVE HAILEY']",,
275,1200 HOWELL STREET LLC,1200 HOWELL STREET LLC,1200 HOWELL STREET LLC,603 485 893,59014,"1924 1ST AVE STE 300, SEATTLE, WA, 98101-4802, UNITED STATES",Active,['BURRARD DEVELOPMENT LLC'],,
276,1942 WESTLAKE LP,1942 WESTLAKE LP,1942 WESTLAKE LP,604 488 643,1299203,"10900 NE 4TH ST STE 1440, BELLEVUE, WA, 98004-5873, UNITED STATES",Active,"['CPI 1942 WESTLAKE LLC', 'CPI 1942 WESTLAKE LLC']",,
277,T-C ASPIRA LLC,T-C ASPIRA LLC,USCMF METRO 112 LLC,604 369 764,1244463,"730 3RD AVE, MS 730/12/02, NEW YORK, NY, 10017-3206, UNITED STATES",Active,['NUVEEN ALTERNATIVES ADVISORS LLC'],,
278,T-C ASPIRA LLC,T-C ASPIRA LLC,TGA VAN DORENS WEST LLC,604 541 518,1326970,"730 3RD AVE, NEW YORK, NY, 10017-3206, UNITED STATES",Active,['NUVEEN ALTERNATIVES ADVISORS LLC'],,
279,T-C ASPIRA LLC,T-C ASPIRA LLC,TGA RENTON PARK 405 LLC,604 536 216,1326437,"730 3RD AVE, NEW YORK, NY, 10017-3206, UNITED STATES",Active,['NUVEEN ALTERNATIVES ADVISORS LLC'],,
280,T-C ASPIRA LLC,T-C ASPIRA LLC,TGA EMERALD CORPORATE PARK LLC,604 544 467,1325370,"730 3RD AVE, MS: 730/12/02, NEW YORK, NY, 10017-3206, UNITED STATES",Active,['NUVEEN ALTERNATIVES ADVISORS LLC'],,
281,T-C ASPIRA LLC,T-C ASPIRA LLC,TGA AUBURN BUSINESS PARK LLC,604 536 220,1326443,"730 3RD AVE, NEW YORK, NY, 10017-3206, UNITED STATES",Active,['NUVEEN ALTERNATIVES ADVISORS LLC'],,
282,T-C ASPIRA LLC,T-C ASPIRA LLC,T-C ASPIRA LLC,603 251 720,1050256,"730 3RD AVE, MS: 730/12/02, NEW YORK, NY, 10017, UNITED STATES",Active,['NUVEEN ALTERNATIVES ADVISORS LLC'],,
283,T-C ASPIRA LLC,T-C ASPIRA LLC,"OLYMPIC PENINSULA TIMBERLANDS, LLC",604 998 063,1615942,"8500 ANDREW CARNEGIE BLVD, CHARLOTTE, NC, 28262-8500, UNITED STATES",Active,['NUVEEN ALTERNATIVES ADVISORS LLC'],,
284,T-C ASPIRA LLC,T-C ASPIRA LLC,GLOBAL AG PROPERTIES USA LLC,603 122 085,134528,"730 3RD AVE, NEW YORK, NY, 10017-3206, UNITED STATES",Active,['NUVEEN ALTERNATIVES ADVISORS LLC'],,
285,T-C ASPIRA LLC,T-C ASPIRA LLC,GLOBAL AG PROPERTIES II USA LLC,604 186 197,230776,"730 3RD AVE, NEW YORK, NY, 10017-3206, UNITED STATES",Active,['NUVEEN ALTERNATIVES ADVISORS LLC'],,
286,SIXTH & PINE BUILDING LLC,SIXTH & PINE BUILDING LLC,SIXTH & PINE BUILDING LLC,602 815 703,430337,"217 PINE ST, #500, SEATTLE, WA, 98101-1590, UNITED STATES",Active,['CENTER SEATTLE MANGEMENT LLC'],,
287,VIKTORIA SEATTLE LLC,VIKTORIA SEATTLE LLC,VIKTORIA SEATTLE LLC,603 505 061,1037283,"10100 SANTA MONICA BOUELVARD SUITE 420, LOS ANGELES, CA, 90067, UNITED STATES",Active,['FREEDONIA REALTY LLC'],,
288,PR 1430 SECOND LLC,PR 1430 SECOND LLC,SBP RAINIER LLC,602 675 012,426645,"655 BROAD STREET, 14TH FLOOR, NEWARK, NJ, 07102, UNITED STATES",Active,"['JOHN EVANS', 'PRISA LHC, LLC']",,
289,PR 1430 SECOND LLC,PR 1430 SECOND LLC,SBP BAKER LLC,602 674 998,266292,"655 BROAD ST FL 14, NEWARK, NJ, 07102-4419, UNITED STATES",Active,"['PRISA LHC, LLC']",,
290,PR 1430 SECOND LLC,PR 1430 SECOND LLC,PRISA MARKET PLACE TOWER WA LLC,602 933 893,904337,"7 GIRALDA FARMS, 3RD FLOOR, MADISON, NJ, 07940, UNITED STATES",Active,"['PRISA LHC, LLC']",,
291,PR 1430 SECOND LLC,PR 1430 SECOND LLC,"PRISA ACQUISITION, LLC",602 405 287,900905,"7 GIRALDA FARMS, 3RD FLOOR, MADISON, NJ, 07940, UNITED STATES",Active,"['PRISA LHC, LLC']",,
292,PR 1430 SECOND LLC,PR 1430 SECOND LLC,PR WENATCHEE LLC,603 242 596,244866,"7 GIRALDA FARMS STE 3, MADISON, NJ, 07940-1051, UNITED STATES",Active,"['PRISA LHC, LLC']",,
293,PR 1430 SECOND LLC,PR 1430 SECOND LLC,"PR HOGLAND, LLC",603 435 975,383194,"7 GIRALDA FARMS, 3RD FLOOR, MADISON, NJ, 07940, UNITED STATES",Active,"['PRISA LHC, LLC']",,
294,PR 1430 SECOND LLC,PR 1430 SECOND LLC,PR 1430 SECOND LLC,604 855 791,1526069,"655 BROAD STREET, 14TH FLOOR, NEWARK, NJ, 07102, UNITED STATES",Active,"['PRISA LHC, LLC']",,
295,DOWNTOWN EMERGENCY SERVICE CENTER,DOWNTOWN EMERGENCY SERVICE CENTER,SOUNDESIGN GROUP PLLC,603 469 483,993252,"101 ANTHES AVE FL 2, LANGLEY, WA, 98260, UNITED STATES",Active,"['DANIEL MALONE', 'ERIC TERRY', 'SUZANNE PIHLMAN']",,
296,DOWNTOWN EMERGENCY SERVICE CENTER,DOWNTOWN EMERGENCY SERVICE CENTER,KING COUNTY MENTAL HEALTH PROVIDERS ASSOCIATION,602 493 914,1126792,"2970 SW AVALON WAY, SEATTLE, WA, 98126-2551, UNITED STATES",Active,"['AILEEN DE LEON', 'ANGELA MARTIN-DAVIS', 'BERETTA GOMILLION', 'CHRIS SZALA', ""CLAUDIA D'ALLEGRI"", 'DANI EAGLETON', 'DANIEL MALONE', 'DARCELL SLOVEK-WALKER', 'DAREELL SLOVEK-WALKER', 'DIANNE BOYD', 'DON CLAYTON', 'DR. PELA TERRY', 'JEFFREY PLANCIEH', 'KAREN BRADY', 'KATHY BREWER', 'MARIO PAREDES', 'MICHELLE HANKINSON', 'MICHELLE MCDANIEL', 'MICHELLE MCDANIEL', 'PATRICIA EDMOND QUIN', 'PAUL LWALI', 'SHEKH ALI', 'SHERI HEALEY', 'STEPHEN WOOLWORTH', 'SUNNY LEVIN', 'SUNNY LEVIN', 'YOON JOO HAN']",,
297,DOWNTOWN EMERGENCY SERVICE CENTER,DOWNTOWN EMERGENCY SERVICE CENTER,DOWNTOWN EMERGENCY SERVICE CENTER,601 142 394,155236,"515 3RD AVE, SEATTLE, WA, 98104-2304, UNITED STATES",Active,['DANIEL MALONE'],,
298,DOWNTOWN EMERGENCY SERVICE CENTER,DOWNTOWN EMERGENCY SERVICE CENTER,DESC INTERBAY SUPPORTIVE HOUSING LIMITED PARTNERSHIP,603 255 607,650170,"2208 15TH AVE W, SEATTLE, WA, 98119-2454, UNITED STATES",Active,['DANIEL MALONE'],,
299,DOWNTOWN EMERGENCY SERVICE CENTER,DOWNTOWN EMERGENCY SERVICE CENTER,DESC HOBSON CLINIC QALICB,604 593 774,1351808,"8120 S PLUM ST STE A, SEATTLE, WA, 98144, UNITED STATES",Active,"['ANGELLA KINDER', 'BRYAN FRIEND', 'DANIEL MALONE', 'DANIEL MALONE', 'JUDGE HELEN HALPERT', 'MARCIA MCCRACKEN', 'SHERYL WHITNEY']",,
300,DOWNTOWN EMERGENCY SERVICE CENTER,DOWNTOWN EMERGENCY SERVICE CENTER,DESC ESTELLE SUPPORTIVE HOUSING LIMITED PARTNERSHIP,603 559 228,657690,"3501 RAINIER AVE S, SEATTLE, WA, 98144-3555, UNITED STATES",Active,['DANIEL MALONE'],,
301,DOWNTOWN EMERGENCY SERVICE CENTER,DOWNTOWN EMERGENCY SERVICE CENTER,DESC DELRIDGE SUPPORTIVE HOUSING LIMITED PARTNERSHIP,603 158 073,650169,"5444 DELRIDGE WAY SW, SEATTLE, WA, 98106-1534, UNITED STATES",Active,['DANIEL MALONE'],,
302,PLYMOUTH HOUSING GROUP,PLYMOUTH HOUSING GROUP,PLYMOUTH HOUSING GROUP,600 471 736,379461,"2113 3RD AVE, SEATTLE, WA, 98121-2321, UNITED STATES",Active,"['BEN STRAUGHAN', 'CHUCK RILEY', 'LAINEY SICKINGER', 'LAURA BACHMAN']",,
303,PLYMOUTH HOUSING GROUP,PLYMOUTH HOUSING GROUP,STRADA LLC,602 354 420,1041219,"2817 NE 55TH ST STE B, SEATTLE, WA, 98105-5536, UNITED STATES",Active,"['BEN STRAUGHAN', ""CURT O'CONNOR"", ""CURTIS O'CONNOR"", 'KRIS JOHNSON', 'PEGGY SANGSTER', 'TOM REESE']",,
304,PLYMOUTH HOUSING GROUP,PLYMOUTH HOUSING GROUP,CABS HOLDINGS LLC,602 235 020,609411,,Inactive,"['BEN STRAUGHAN', 'SANDRA STRAUGHAN']",,
305,PLYMOUTH HOUSING GROUP,PLYMOUTH HOUSING GROUP,WATERSIDE AT EASTLAKE HOMEOWNERS ASSOCIATION,604 725 488,1437272,"505 N ARGONNE RD STE A201, SPOKANE VLY, WA, 99212-2816, UNITED STATES",Active,"['CHRISTIAN BRODIN', 'ERIC CLAUSON', 'LAURA BACHMAN', 'MELISSA GUYOTT', 'SHARON CHAN']",,
306,PLYMOUTH HOUSING GROUP,PLYMOUTH HOUSING GROUP,LORIG/WELCH LLC,602 204 532,795511,,Administratively Dissolved,"['ALISON LORIG', 'BRUCE LORIG', 'GEORGE OSBORNE', 'HAROLD FERRIS', 'HARRIS HOFFMAN', 'JOAN WEISER', 'JOHN TURNBULL', 'KIM ORR', 'LAURA BACHMAN', 'SHERYL GOONG', 'STEPHEN BOLLIGER', 'WILL MAGNUSON']",,
307,POST ALLEY COURT APARTMENTS NW LLC,POST ALLEY COURT APARTMENTS NW LLC,"THE WINCHESTER GROUP, LLC",602 000 226,1073681,"7820 SW WILLOWMERE DR, PORTLAND, OR, 97225-1251, UNITED STATES",Active,"['BRAD SIMMONS', 'PACIFIC INSURANCE INVESTMENT COMPANY']",,
308,POST ALLEY COURT APARTMENTS NW LLC,POST ALLEY COURT APARTMENTS NW LLC,POST ALLEY COURT APARTMENTS NW LLC,602 313 631,885421,"7820 SW WILLOWMERE DR, PORTLAND, OR, 97225-1251, UNITED STATES",Active,['PACIFIC INSURANCE INVESTMENT COMPANY'],,
309,POST ALLEY COURT APARTMENTS NW LLC,POST ALLEY COURT APARTMENTS NW LLC,"ISLAND HOMESTEAD, LLC",602 100 003,233772,"541 HOMESTEAD LN NE, BAINBRIDGE IS, WA, 98110-1897, UNITED STATES",Active,['PACIFIC INSURANCE INVESTMENT COMPANY'],,
310,POST ALLEY COURT APARTMENTS NW LLC,POST ALLEY COURT APARTMENTS NW LLC,"CHIMNEY ROCK, LLC",602 786 171,127398,"7820 SW WILLOWMERE DR, PORTLAND, OR, 97225-1251, UNITED STATES",Active,"['DON LLOYD', 'PACIFIC INSURANCE INVESTMENT COMPANY']",,
311,PUBLIC STORAGE,PUBLIC STORAGE,"SHURGARD-MORNINGSTAR SELF STORAGE DEVELOPMENT II, LLC",602 972 871,426242,,Administratively Dissolved,"['DREW ADAMS', 'STEVEN M GLICK']",,
312,PUBLIC STORAGE,PUBLIC STORAGE,"SHURGARD STORAGE CENTERS, LLC",602 651 830,1149583,"701 WESTERN AVE, SUITE 200, GLENDALE, CA, 91201-2349, UNITED STATES",Active,"['DREW ADAMS', 'NATHAN VITAN', 'STEPHANIE HEIM', 'STEVE BABINSKI', 'TERRANCE SPIDELL', 'TOM BOYLE']",,
313,PUBLIC STORAGE,PUBLIC STORAGE,"PUBLIC STORAGE, INC.",600 591 116,918254,,Terminated,"['DREW ADAMS', 'JOHN BAUMANN', 'JOHN REYES', 'RONALD HAVNER', 'STEPHANIE HEIM']",,
314,PUBLIC STORAGE,PUBLIC STORAGE,"PUBLIC STORAGE PICKUP & DELIVERY, INC.",601 750 699,396003,,Terminated,"['DAVID GOLBERG', 'DREW ADAMS', 'STEPHANIE HEIM', 'THOMAS MILLER']",,
315,PUBLIC STORAGE,PUBLIC STORAGE,PUBLIC STORAGE,602 740 958,392901,"701 WESTERN AVE, SUITE 200, GLENDALE, CA, 91201-2349, UNITED STATES",Active,"['DREW ADAMS', 'NATHAN VITAN', 'TERRANCE F. SPIDELL']",,
316,PUBLIC STORAGE,PUBLIC STORAGE,"PSCC, INC.",601 671 793,392495,"701 WESTERN AVE, SUITE 200, GLENDALE, CA, 91201-2349, UNITED STATES",Active,"['DREW ADAMS', 'MARSHANN VARLEY', 'OBREN GERICH', 'TERRANCE SPIDELL']",,
317,PUBLIC STORAGE,PUBLIC STORAGE,"PS ORANGECO, INC.",601 674 091,392489,"701 WESTERN AVE, SUITE 200, GLENDALE, CA, 91201-2349, UNITED STATES",Active,"['DREW ADAMS', 'NATHAN VITAN', 'SHARON LINDER', 'TERRANCE SPIDELL']",,
318,PUBLIC STORAGE,PUBLIC STORAGE,"PS ADVANTAGE, INC.",604 521 894,1314867,"701 WESTERN AVE, GLENDALE, CA, 91201-2349, UNITED STATES",Active,"['DREW ADAMS', 'NATHANIEL VITAN', 'PETER PANOS', 'SHARON LINDER', 'TERRANCE SPIDELL']",,
319,PUBLIC STORAGE,PUBLIC STORAGE,LOPEZ KAYAK LLC,603 113 183,839759,"2820 FISHERMAN BAY RD, LOPEZ ISLAND, WA, 98261, UNITED STATES",Active,"['DREW ADAMS', 'DUANE ADAMS', 'JOHN ADAMS']",,
320,PUBLIC STORAGE,PUBLIC STORAGE,"J & L TREE SERVICE, INC.",601 902 145,251122,"2511 ABERDEEN AVE, ABERDEEN, WA, 98520-4301, UNITED STATES",Active,['DREW ADAMS'],,
321,PUBLIC STORAGE,PUBLIC STORAGE,FINCH ACQUISITION CORP.,603 099 503,180151,"940 WINTER STREET, WALTHAM, MA, 02451, UNITED STATES",Merged,"['DAVID FRANCISCO', 'DREW ADAMS', 'JOEL GOLDBERG', 'JOHN HEALY', 'NATHANAEL DAVIS']",,
322,SCD 2U LLC,SCD 2U LLC,SCD NE 8TH LLC,604 294 534,1212454,"389 INTERPACE PARKWAY, 5TH FLOOR, PARSIPPANY, NJ, 07054, UNITED STATES",Active,"['CHRISTOPHER CARDINALE', 'CLAES LARSSON', 'JOSEPHINE MOK']",,
323,SCD 2U LLC,SCD 2U LLC,SCD FOURTH AVENUE LLC,604 193 091,1165782,"389 INTERPACE PKWY, 5TH FLOOR, PARSIPPANY, NJ, 07054-1132, UNITED STATES",Active,"['CHRISTOPHER CARDINALE', 'CLAES LARSSON', 'JOSEPHINE MOK']",,
324,SCD 2U LLC,SCD 2U LLC,SCD 2U ML LLC,604 666 471,1401967,"389 INTERPACE PKWY STE 5, PARSIPPANY, NJ, 07054-1132, UNITED STATES",Active,['CLAES LARSSON'],,
325,SCD 2U LLC,SCD 2U LLC,SCD 2U LLC,603 490 488,965330,"389 INTERPACE PKWY, 5TH FLOOR, PARSIPPANY, NJ, 07054-1132, UNITED STATES",Active,['CLAES LARSSON'],,
326,SCD 2U LLC,SCD 2U LLC,SCD 2U CM LLC,604 672 455,1405277,"389 INTERPACE PKWY STE 5, PARSIPPANY, NJ, 07054-1132, UNITED STATES",Active,['CLAES LARSSON'],,
327,SCD 2U LLC,SCD 2U LLC,"400 FAIRVIEW, LLC",603 158 145,58731,"389 INTERPACE PKWY, 5TH FLOOR, PARSIPPANY, NJ, 07054-1132, UNITED STATES",Withdrawn,"['CLAES LARSSON', 'ROBERT WARD']",,
328,MADISON HOTEL LLC,MADISON HOTEL LLC,MADISON HOTEL LLC,601 816 426,802731,"1700 7TH AVE STE 2300, SEATTLE, WA, 98101-1387, UNITED STATES",Active,['R.C. HEDREEN CO.'],,
329,MADISON HOTEL LLC,MADISON HOTEL LLC,HEDREEN LLC,601 873 906,250836,"217 PINE ST STE 200, SEATTLE, WA, 98101-1591, UNITED STATES",Administratively Dissolved,['R.C. HEDREEN CO.'],,
330,MADISON HOTEL LLC,MADISON HOTEL LLC,HEDREEN HOTEL TWO LLC,602 531 613,737505,"1700 7TH AVE STE 2300, SEATTLE, WA, 98101-1387, UNITED STATES",Active,['R.C. HEDREEN CO.'],,
331,MADISON HOTEL LLC,MADISON HOTEL LLC,ELLIOTT NE LLC,602 866 281,678580,"1700 7TH AVE STE 2300, SEATTLE, WA, 98101-1387, UNITED STATES",Active,['R.C. HEDREEN CO.'],,
332,MADISON HOTEL LLC,MADISON HOTEL LLC,709 SPRING STREET LLC,604 506 296,1306848,"217 PINE ST STE 200, SEATTLE, WA, 98101-1591, UNITED STATES",Administratively Dissolved,"['JEFFREY STEINERT', 'R.C. HEDREEN CO.']",,
333,MADISON HOTEL LLC,MADISON HOTEL LLC,6TH & YESLER LLC,603 469 697,63209,"1700 7TH AVE STE 2300, SEATTLE, WA, 98101-1387, UNITED STATES",Active,['R.C. HEDREEN CO.'],,
334,ARCTIC CLUB HOTEL LLC,ARCTIC CLUB HOTEL LLC,WALLA WALLA MILL CREEK LLC,603 410 536,507692,"1326 5TH AVE STE 650, SEATTLE, WA, 98122, UNITED STATES",Voluntarily Dissolved,"['JIM TREADWAY', 'LORRAINE SMILEY', 'STEPHEN DAY', 'VINCE DEPILLIS']",,
335,ARCTIC CLUB HOTEL LLC,ARCTIC CLUB HOTEL LLC,VET2VET,604 225 807,1183886,"19022 ANGELINE AVE NE, SUQUAMISH, WA, 98392-9780, UNITED STATES",Delinquent,"['ANTHONY JOSEPH', 'ART WEBER', 'BRUCE W GOODRICH', 'DAN GUENTHER', 'HERB HARMON', 'JAMES KLINE', 'MORGAN NOBLE', 'RICHARD PEKSENS', 'ROBERT LORISH', 'ROBERT MCGUINN', 'STEPHEN DAY', 'STEPHEN DAY']",,
336,ARCTIC CLUB HOTEL LLC,ARCTIC CLUB HOTEL LLC,UNION LIVERY STABLES LLC,603 104 996,498986,"1326 FIFTH AVE #654, SEATTLE, WA, 98101, UNITED STATES",Administratively Dissolved,['STEPHEN DAY'],,
337,ARCTIC CLUB HOTEL LLC,ARCTIC CLUB HOTEL LLC,STEPHEN DAY ARCHITECTURE PLLC,603 147 588,1038310,"1326 5TH AVE STE 650, SEATTLE, WA, 98101-2629, UNITED STATES",Active,['STEPHEN DAY'],,
338,ARCTIC CLUB HOTEL LLC,ARCTIC CLUB HOTEL LLC,"STACKED DECK SPORTS, LLC",604 840 199,1518058,"522 W RIVERSIDE AVE STE N, SPOKANE, WA, 99201-0580, UNITED STATES",Active,"['MORGAN NOBLE', 'SARAH BOSTON', 'STEPHEN DAY']",,
339,ARCTIC CLUB HOTEL LLC,ARCTIC CLUB HOTEL LLC,SPRINGLEAF MORTGAGE MANAGEMENT CORPORATION,603 214 866,1016793,"601 NW 2ND ST, EVANSVILLE, IN, 47708-1013, UNITED STATES",Withdrawn,"['BRADFORD BORCHERS', 'DAVID SCHULZ', 'JACK ERKILLA', 'MICAH CONRAD', 'STEPHEN DAY', 'TERESA BAER']",,
340,ARCTIC CLUB HOTEL LLC,ARCTIC CLUB HOTEL LLC,"SPRINGLEAF GROUP, INC.",602 598 878,282952,,Terminated,"['DONALD BREIVOGEL JR', 'GEORGE ROACH', 'STEPHEN DAY']",,
341,ARCTIC CLUB HOTEL LLC,ARCTIC CLUB HOTEL LLC,SPRINGLEAF CONSUMER LOAN MANAGEMENT CORPORATION,603 214 843,441605,"601 NW 2ND ST, EVANSVILLE, IN, 47708-1013, UNITED STATES",Withdrawn,"['BRADFORD BORCHERS', 'DAVID SCHULZ', 'JACK ERKILLA', 'MICAH CONRAD', 'STEPHEN DAY', 'TERESA BAER']",,
342,ARCTIC CLUB HOTEL LLC,ARCTIC CLUB HOTEL LLC,"SIERRA DELTA PROPERTIES, LLC",604 062 385,453424,"208 SE 339TH AVE, WASHOUGAL, WASHOUGAL, WA, 98671-8844, UNITED STATES",Voluntarily Dissolved,['STEPHEN DAY'],,
343,ARCTIC CLUB HOTEL LLC,ARCTIC CLUB HOTEL LLC,"QSG SEATTLE, LLC",603 115 251,893682,"477 S ROSEMARY AVE #309, WEST PALM BEACH, FL, 33401, UNITED STATES",Terminated,"['BYRON GARDINER', 'KYLE DORR', 'MARK VASU', 'STEPHEN DAY']",,
344,ARCTIC CLUB HOTEL LLC,ARCTIC CLUB HOTEL LLC,"ONEMAIN HOME EQUITY, INC.",601 298 632,229402,,Merged,"['BRADFORD BORCHERS', 'DAVID SCHULZ', 'JACK ERIKILLA', 'MICAH CONRAD', 'STEPHEN DAY', 'TERESA BAER', 'TIMOTHY BLYTHE', 'VINCENT CIUFFETELLI']",,
345,ARCTIC CLUB HOTEL LLC,ARCTIC CLUB HOTEL LLC,"ONEMAIN FINANCIAL SERVICES, INC.",601 882 750,354576,,Merged,"['BRADFORD BORCHERS', 'DAVID SCHULZ', 'GEORGE ROACH', 'JACK ERKILLA', 'MICAH CONRAD', 'STEPHEN DAY', 'TERESA BAER', 'VINCENT CIUFFETELLI']",,
346,ARCTIC CLUB HOTEL LLC,ARCTIC CLUB HOTEL LLC,"ONEMAIN FINANCIAL OF WASHINGTON, INC.",409 019 467,365514,,Merged,"['DAN BECKER', 'DAVID SCHULZ', 'JACK ERKILLA', 'JERRY RIDENHOUR', 'MICAH CONRAD', 'STEPHEN DAY', 'TERESA BAER', 'TIMOTHY BLYTHE']",,
347,ARCTIC CLUB HOTEL LLC,ARCTIC CLUB HOTEL LLC,MADRONA WOODS LLC,604 083 499,1130962,"1326 5TH AVE #650, SEATTLE, WA, 98101, UNITED STATES",Administratively Dissolved,['STEPHEN DAY'],,
348,ARCTIC CLUB HOTEL LLC,ARCTIC CLUB HOTEL LLC,MADRONA ARCHITECTURE PLLC,602 440 885,814627,,Administratively Dissolved,"['STEPHEN DAY', 'STEPHEN DAY']",,
349,ARCTIC CLUB HOTEL LLC,ARCTIC CLUB HOTEL LLC,LANGLEY EDGECLIFF LLC,602 649 729,808752,,Administratively Dissolved,['STEPHEN DAY'],,
350,ARCTIC CLUB HOTEL LLC,ARCTIC CLUB HOTEL LLC,LANGLEY 325 WHARF STREET LLC,602 649 724,790063,"1218 3RD AVE #1900, SEATTLE, WA, 98101, UNITED STATES",Administratively Dissolved,['STEPHEN DAY'],,
351,ARCTIC CLUB HOTEL LLC,ARCTIC CLUB HOTEL LLC,JOSEPHSON_DAY PRESERVATION & DEVELOPMENT LLC,604 045 040,251146,"1326 5TH AVE, SUITE 650, SEATTLE, WA, 98101, UNITED STATES",Active,"['NANCY JOSEPHSON', 'STEPHEN DAY']",,
352,ARCTIC CLUB HOTEL LLC,ARCTIC CLUB HOTEL LLC,HARBORVIEW HALL LLC,603 137 103,730534,"1326 FIFTH AVE #654, SEATTLE, WA, 98101, UNITED STATES",Administratively Dissolved,['STEPHEN DAY'],,
353,ARCTIC CLUB HOTEL LLC,ARCTIC CLUB HOTEL LLC,FRIDAY NIGHT SKATES,604 421 044,1270367,"1806 145TH PL SE, MILL CREEK, WA, 98012-8203, UNITED STATES",Active,"['ETHAN EVANS', 'ETHAN EVANS', 'STEPHEN DAY', 'STEPHEN DAY', 'STEPHEN DAY', 'STEPHEN JASPER', 'STEPHEN JASPER']",,
354,ARCTIC CLUB HOTEL LLC,ARCTIC CLUB HOTEL LLC,EAST-WEST PROJECTS LLC,603 208 164,156596,,Administratively Dissolved,['STEPHEN DAY'],,
355,ARCTIC CLUB HOTEL LLC,ARCTIC CLUB HOTEL LLC,DOWNTOWN TACOMA PROPERTIES LLC,602 901 867,1110363,"1326 5TH AVE STE 654, SEATTLE, WA, 98101, UNITED STATES",Administratively Dissolved,"['STEPHEN DAY', 'STEPHEN DAY']",,
356,ARCTIC CLUB HOTEL LLC,ARCTIC CLUB HOTEL LLC,DILUSSO CABINETS LLC,603 398 633,650046,"10240 NE MARX ST, PORTLAND, OR, 97220, UNITED STATES",Terminated,"['CHRIS BAIRD', 'ED KOBENKO', 'STEPHEN DAY']",,
357,ARCTIC CLUB HOTEL LLC,ARCTIC CLUB HOTEL LLC,DAY CONSULTING LLC,603 439 120,654992,"2125 DAVISON AVENUE, RICHLAND, WA, 99354, UNITED STATES",Administratively Dissolved,"['ROBERTA DAY', 'STEPHEN DAY']",,
358,ARCTIC CLUB HOTEL LLC,ARCTIC CLUB HOTEL LLC,CROSSCULTURE,603 174 541,642524,"1326 5TH AVE STE 650, SEATTLE, WA, 98101-2612, UNITED STATES",Active,"['NANCY JOSEPHSON', 'STEPHEN DAY']",,
359,ARCTIC CLUB HOTEL LLC,ARCTIC CLUB HOTEL LLC,"C.H. RASPUTIN, LLC",602 246 863,79599,,Inactive,"['NANCY JOSEPHSON', 'STEPHEN DAY']",,
360,ARCTIC CLUB HOTEL LLC,ARCTIC CLUB HOTEL LLC,"BURGEONING STUDIOS, LLC",604 285 644,1209906,"1806 145TH PL SE, MILL CREEK, WA, 98012-8203, UNITED STATES",Voluntarily Dissolved,"['STEPHEN DAY', 'STEPHEN T DAY']",,
361,ARCTIC CLUB HOTEL LLC,ARCTIC CLUB HOTEL LLC,"BOSTON DAY, LLC",603 539 608,583338,"1806 145TH PL SE, BOTHELL, WA, 98012, UNITED STATES",Voluntarily Dissolved,"['SARAH BOSTON', 'STEPHEN DAY']",,
362,ARCTIC CLUB HOTEL LLC,ARCTIC CLUB HOTEL LLC,"BLUE MARTINI SEATTLE, LLC",603 046 441,87394,"700 110TH AVE NE #C294, BELLEVUE, WA, 98004, UNITED STATES",Administratively Dissolved,"['BYRON GARDINER', 'KYLE DORR', 'MARK VASU', 'RICHARD CHOSID', 'STEPHEN DAY']",,
363,ARCTIC CLUB HOTEL LLC,ARCTIC CLUB HOTEL LLC,"BAKER DAY, LLC",604 339 238,1237701,"11400 SE 8TH ST STE 265, BELLEVUE, WA, 98004-6017, UNITED STATES",Active,"['ANDREW D BAKER', 'STEPHEN DAY', 'STEPHEN L DAY']",,
364,ARCTIC CLUB HOTEL LLC,ARCTIC CLUB HOTEL LLC,"WALLA WALLA HOSPITALITY, LLC",602 898 175,1085580,"621 W MALLON AVE STE 509, SPOKANE, WA, 99201-2181, UNITED STATES",Active,"['CHRISTOPHER ASHENBRENER', 'WILLIAM LAWSON']",,
365,ARCTIC CLUB HOTEL LLC,ARCTIC CLUB HOTEL LLC,"UPRIVER, LLC",601 900 438,316355,"2510 N PINES RD STE 1, SPOKANE VALLEY, WA, 99206, UNITED STATES",Administratively Dissolved,"['CHRISTOPHER ASHENBRENER', 'WILLIAM LAWSON']",,
366,ARCTIC CLUB HOTEL LLC,ARCTIC CLUB HOTEL LLC,"RIVER RUN HOSPITALITY, LLC",602 055 351,405956,"621 W MALLON AVE, STE 509, SPOKANE, WA, 99201-2181, UNITED STATES",Active,"['CHRISTOPHER ASHENBRENER', 'WILLIAM LAWSON']",,
367,ARCTIC CLUB HOTEL LLC,ARCTIC CLUB HOTEL LLC,"PLAZA HOSPITALITY, LLC",602 640 873,881569,"621 W MALLON AVE STE 509, SPOKANE, WA, 99201-2181, UNITED STATES",Active,"[' WESTRIDGE INVESTMENTS, LLC', 'CHRISTOPHER ASHENBRENER', 'VERN AND DONNA MCDONALD']",,
368,ARCTIC CLUB HOTEL LLC,ARCTIC CLUB HOTEL LLC,NORTHWEST X SOUTHERN HOSPITALITY LLC,604 176 147,876023,"621 W MALLON AVE, SUITE 509, SPOKANE, WA, 99201-2181, UNITED STATES",Active,"['CHRISTOPHER ASHENBRENER', 'LARA LATTURE', 'WILLIAM LAWSON']",,
369,ARCTIC CLUB HOTEL LLC,ARCTIC CLUB HOTEL LLC,"L&A HOSPITALITY, LLC",602 055 350,802457,"621 W MALLON AVE, STE 509, SPOKANE, WA, 99201-2181, UNITED STATES",Active,"['CHRISTOPHER ASHENBRENER', 'WILLIAM LAWSON']",,
370,ARCTIC CLUB HOTEL LLC,ARCTIC CLUB HOTEL LLC,"HAL VALLEY APARTMENTS II, LLC",602 981 593,725451,"621 W MALLON AVE, STE 509, SPOKANE, WA, 99201-2163, UNITED STATES",Voluntarily Dissolved,"['CHRISTOPHER ASHENBRENER', 'WILLIAM LAWSON']",,
371,ARCTIC CLUB HOTEL LLC,ARCTIC CLUB HOTEL LLC,ETC HOSPITALITY LLC,604 175 844,687654,"639 N RIVERPOINT #2W, SPOKANE, WA, 99202, UNITED STATES",Active,"['CHRISTINE ASHENBRENER', 'CHRISTOPHER ASHENBRENER', 'ERICA ASHENBRENER', 'TREVOR ASHENBRENER']",,
372,ARCTIC CLUB HOTEL LLC,ARCTIC CLUB HOTEL LLC,"ESTATE MANAGEMENT AND LIQUIDATORS, INC.",601 040 518,167501,,Administratively Dissolved,"['CHRISTOPHER ASHENBRENER', 'LAURA COTTRELL']",,
373,ARCTIC CLUB HOTEL LLC,ARCTIC CLUB HOTEL LLC,"COLD SPRINGS, L.L.C.",602 010 369,116104,"621 W MALLON AVE STE 509, SPOKANE, WA, 99201-2181, UNITED STATES",Active,"['BILL LAWSON', 'CHRISTOPHER ASHENBRENER']",,
374,ARCTIC CLUB HOTEL LLC,ARCTIC CLUB HOTEL LLC,ARCTIC CLUB MANAGER LLC,602 630 402,38644,"700 3RD AVENUE, SEATTLE, WA, 98104, UNITED STATES",Voluntarily Dissolved,"['CHRISTOPHER ASHENBRENER', 'JOHN DE LANOY', 'WILLIAM LAWSON']",,
375,ARCTIC CLUB HOTEL LLC,ARCTIC CLUB HOTEL LLC,ARCTIC CLUB HOTEL LLC,602 440 867,554813,"108 N WASHINGTON ST STE 603, SPOKANE, WA, 99201-5001, UNITED STATES",Administratively Dissolved,"['CHRISTOPHER ASHENBRENER', 'STEPHEN DAY', 'WILLIAM LAWSON']",,
376,ARCTIC CLUB HOTEL LLC,ARCTIC CLUB HOTEL LLC,ARCTIC CLUB DEVELOPMENT LLC,602 440 877,554811,"621 W MALLON AVE STE 509, SPOKANE, WA, 99201-2181, UNITED STATES",Voluntarily Dissolved,"['CHRISTOPHER ASHENBRENER', 'STEPHEN DAY', 'WILLIAM LAWSON']",,
377,ARCTIC CLUB HOTEL LLC,ARCTIC CLUB HOTEL LLC,ARCTIC CLUB CONSTRUCTION DEVELOPER LLC,602 630 393,1096621,"621 W MALLON AVENUE SUITE 509, SPOKANE, WA, 99201, UNITED STATES",Voluntarily Dissolved,"['CHRISTOPHER ASHENBRENER', 'JOHN DE LANOY', 'WILLIAM LAWSON']",,
378,ARCTIC CLUB HOTEL LLC,ARCTIC CLUB HOTEL LLC,"ANCHORAGE ASSOCIATES, L.L.C.",601 770 251,550625,"621 W MALLON AVE STE 509, SPOKANE, WA, 99201-2181, UNITED STATES",Voluntarily Dissolved,"[' ANCHORAGE ASSOCIATES I, INC', 'AL MARZETTA', 'CHRISTOPHER ASHENBRENER', 'WILLIAM LAWSON']",,
379,ARCTIC CLUB HOTEL LLC,ARCTIC CLUB HOTEL LLC,"AMSIX, LLC",602 272 976,539282,"621 W MALLON AVE STE 509, SPOKANE, WA, 99201-2181, UNITED STATES",Active,"[' AMSIX I, INC', 'CHRISTOPHER ASHENBRENER', 'WILLIAM LAWSON']",,
380,ARCTIC CLUB HOTEL LLC,ARCTIC CLUB HOTEL LLC,"AMD, INC.",602 204 069,33543,"130 W PACIFIC AVE, SPOKANE, WA, 99201-3622, UNITED STATES",Active,['CHRISTOPHER ASHENBRENER'],,
381,ARCTIC CLUB HOTEL LLC,ARCTIC CLUB HOTEL LLC,"ABS, INC.",602 085 171,464550,,Inactive,['CHRISTOPHER ASHENBRENER'],,
382,ARCTIC CLUB HOTEL LLC,ARCTIC CLUB HOTEL LLC,"WJL, LLC",602 678 066,1090129,"621 W MALLON AVE STE 509, SPOKANE, WA, 99201-2181, UNITED STATES",Active,['WILLIAM LAWSON'],,
383,ARCTIC CLUB HOTEL LLC,ARCTIC CLUB HOTEL LLC,"WESTRIDGE INVESTMENTS, L.L.C.",601 668 883,329680,"621 W MALLON AVE STE 509, SPOKANE, WA, 99201-2181, UNITED STATES",Active,['WILLIAM LAWSON'],,
384,ARCTIC CLUB HOTEL LLC,ARCTIC CLUB HOTEL LLC,THE LAWSON'S AUTO-SPA LLC,604 729 791,1444695,"7345 164TH AVE NE STE I145 # 1278, REDMOND, WA, 98052-7848, UNITED STATES",Active,"['WILLIAM LAWSON', 'WILLIAM LAWSON']",,
385,ARCTIC CLUB HOTEL LLC,ARCTIC CLUB HOTEL LLC,"SPENARD INNVESTMENTS, L.L.C.",601 800 800,444631,"621 W MALLON AVE, SUITE 509, SPOKANE, WA, 99201-2181, UNITED STATES",Active,['WILLIAM LAWSON'],,
386,ARCTIC CLUB HOTEL LLC,ARCTIC CLUB HOTEL LLC,SPENARD INNVESTMENTS I CORPORATION,603 117 821,469741,"621 W MALLON AVE, SUITE 509, SPOKANE, WA, 99201-2181, UNITED STATES",Active,['WILLIAM LAWSON'],,
387,ARCTIC CLUB HOTEL LLC,ARCTIC CLUB HOTEL LLC,"SELECT HOSPITALITY, LLC",602 718 639,420021,"202 E SPOKANE FALLS BLVD, STE #400, SPOKANE, WA, 99202, UNITED STATES",Administratively Dissolved,"['CHRIS ASHENBRENER', 'WILLIAM LAWSON']",,
388,ARCTIC CLUB HOTEL LLC,ARCTIC CLUB HOTEL LLC,SEATTLE PET PALS LLC,603 060 118,1001480,"216 N 54TH ST, SEATTLE, WA, 98103-6014, UNITED STATES",Active,"['RUTH LAROCQUE', 'WILLIAM LAWSON']",,
389,ARCTIC CLUB HOTEL LLC,ARCTIC CLUB HOTEL LLC,SAP LLC,603 339 158,412519,,Administratively Dissolved,"['CASEY COLLEY', 'STEPHEN SCHMAUIZ', 'WILLIAM LAWSON']",,
390,ARCTIC CLUB HOTEL LLC,ARCTIC CLUB HOTEL LLC,S&L PROJECTS LLC,604 144 642,957869,"108 N WASHINGTON ST STE 600, SPOKANE, WA, 99201-5038, UNITED STATES",Administratively Dissolved,"['STEPHEN SCHMAUTZ', 'WILLIAM LAWSON']",,
391,ARCTIC CLUB HOTEL LLC,ARCTIC CLUB HOTEL LLC,RSCD INVESTORS LLC,602 272 417,409734,,Administratively Dissolved,"['(SONNY) PAK NG', 'CHRISTOPHER LEUNG', 'RAYMOND THORNSON', 'WILLIAM LAWSON']",,
392,ARCTIC CLUB HOTEL LLC,ARCTIC CLUB HOTEL LLC,RIVERBANK HOLDING COMPANY,602 807 669,403714,"202 E SPOKANE FALLS BLVD #400, SPOKANE, WA, 99202, UNITED STATES",Active,"['CASEY COLLEY', 'CLANCY WELSH', 'DANIEL BYRNE', 'JOHN BLEY', 'MICHAEL WILSON', 'NORMAN JUDD', 'SHELLEY MCDOWELL', 'STEVE SCHMAUTZ', 'WILLIAM LAWSON']",,
393,ARCTIC CLUB HOTEL LLC,ARCTIC CLUB HOTEL LLC,RIVERBANK,602 605 684,939918,"202 E SPOKANE FALLS BLVD STE 400, SPOKANE, WA, 99202-1612, UNITED STATES",Active,"['ANDREA ROLEN', 'BEV HOSEK', 'CASEY COLLEY', 'DANIEL BYRNE', 'DANIEL JONES', 'DENISE LEONARD', 'DONNA KENNEY', 'ELEANOR AYER', 'GAIL MCDONALD', 'JAMES T ""TIM"" WELSH', 'JIM BURKE', 'JOHN L BLEY', 'KAY HOFFMAN', 'KELLIE YATES', 'MARK DRESBACK', 'MICHELLE KRAMER', 'NORMAN JUDD', 'RON WACHTER', 'SHANNON HUDSON', 'SHARON COLLEY', 'SHAWN MURPHY', 'SHELLEY MCDOWELL', 'STEVE SCHMAUTZ', 'WILLIAM LAWSON']",,
394,ARCTIC CLUB HOTEL LLC,ARCTIC CLUB HOTEL LLC,"OMCE, LLC",604 977 663,1604488,"621 W MALLON AVE STE 509, SPOKANE, WA, 99201-2181, UNITED STATES",Active,"['JAMES BLACK', 'WILLIAM LAWSON']",,
395,ARCTIC CLUB HOTEL LLC,ARCTIC CLUB HOTEL LLC,"NORTH 2500 PINES, L.L.C.",601 681 528,220832,"108 N WASHINGTON ST STE 500, SPOKANE, WA, 99201-5001, UNITED STATES",Voluntarily Dissolved,['WILLIAM LAWSON'],,
396,ARCTIC CLUB HOTEL LLC,ARCTIC CLUB HOTEL LLC,"LTSK, LLC",604 871 518,1531955,"621 W MALLON AVE STE 509, SPOKANE, WA, 99201-2181, UNITED STATES",Active,"['WILLIAM LAWSON', 'WILLIAM LAWSON']",,
397,ARCTIC CLUB HOTEL LLC,ARCTIC CLUB HOTEL LLC,"LTS, LLC",604 066 439,291733,"621 W MALLON AVE STE 509, SPOKANE, WA, 99201-2181, UNITED STATES",Active,['WILLIAM LAWSON'],,
398,ARCTIC CLUB HOTEL LLC,ARCTIC CLUB HOTEL LLC,LTS II LLC,604 849 092,1521865,"621 W MALLON AVE STE 509, SPOKANE, WA, 99201-2181, UNITED STATES",Active,"['WILLIAM LAWSON', 'WILLIAM LAWSON']",,
399,ARCTIC CLUB HOTEL LLC,ARCTIC CLUB HOTEL LLC,LORDAN HOLDINGS 401K LLC,603 359 300,796044,"10407 NE 22ND PLACE, VANCOUVER, WA, 98686, UNITED STATES",Active,"['* TURNKEY IRA LLC', 'WILLIAM LAWSON']",,
400,ARCTIC CLUB HOTEL LLC,ARCTIC CLUB HOTEL LLC,"LLYD, LLC",604 153 041,1129812,"108 N WASHINGTON ST, STE 603, SPOKANE, WA, 99201-5003, UNITED STATES",Converted,['WILLIAM LAWSON'],,
401,ARCTIC CLUB HOTEL LLC,ARCTIC CLUB HOTEL LLC,LAWSON INVESTMENTS LIMITED PARTNERSHIP,601 668 408,788296,"621 W MALLON AVE STE 509, SPOKANE, WA, 99201-2181, UNITED STATES",Active,['WILLIAM LAWSON'],,
402,ARCTIC CLUB HOTEL LLC,ARCTIC CLUB HOTEL LLC,LAWSON CAPITAL GROUP LLC,604 849 428,1518513,"10407 NE 22ND PL, VANCOUVER, WA, 98686-8604, UNITED STATES",Active,"['MATTHEW LAWSON', 'WILLIAM LAWSON', 'WILLIAM LAWSON']",,
403,ARCTIC CLUB HOTEL LLC,ARCTIC CLUB HOTEL LLC,"LAWSON ASSOCIATES, INC. DBA LAWSON SOFTWARE",601 676 837,788323,,Terminated,"['BRUCE MCPHEETERS', 'BRUCE MCPHEETERS', 'ERIC MORGAN', 'ERIC MORGAN', 'GEOFFREY MOORE', 'GEOFFREY MOORE', 'H LAWSON', 'H LAWSON', 'JAY COUGHLAN', 'JAY COUGHLAN', 'JOHN CERULLO', 'JOHN CERULLO', 'RICHARD PATTON', 'RICHARD PATTON', 'WILLIAM LAWSON', 'WILLIAM LAWSON', 'WILLIAM LAWSON JR', 'WILLIAM LAWSON JR']",,
404,ARCTIC CLUB HOTEL LLC,ARCTIC CLUB HOTEL LLC,"JONLAW, LLC",604 000 384,1125171,"108 N WASHINGTON ST, SUITE 603, SPOKANE, WA, 99201-5001, UNITED STATES",Voluntarily Dissolved,['WILLIAM LAWSON'],,
405,ARCTIC CLUB HOTEL LLC,ARCTIC CLUB HOTEL LLC,"JACKSON VII, LLC",602 082 296,1123903,"108 N WASHINGTON ST STE 600, SPOKANE, WA, 99201-5038, UNITED STATES",Active,"['CAROL LAWSON', 'SCOTT RALPH', 'STEVEN SCHMAUTZ', 'TRESA SCHMAUTZ', 'WILLIAM LAWSON']",,
406,ARCTIC CLUB HOTEL LLC,ARCTIC CLUB HOTEL LLC,"JACKSON VI, LLC",602 082 295,1123902,"108 N WASHINGTON ST STE 500, SPOKANE, WA, 99201-5001, UNITED STATES",Administratively Dissolved,"['CAROL LAWSON', 'STEPHEN SCHMAUTZ', 'TRESA SCHMAUTZ', 'WILLIAM LAWSON']",,
407,ARCTIC CLUB HOTEL LLC,ARCTIC CLUB HOTEL LLC,"JACKSON V, LLC",601 992 286,767621,,Administratively Dissolved,"['CAROL LAWSON', 'STEPHEN SCHMAUTZ', 'TRESA SCHMAUTZ', 'WILLIAM LAWSON']",,
408,ARCTIC CLUB HOTEL LLC,ARCTIC CLUB HOTEL LLC,"JACKSON II, LLC",602 011 151,259363,,Administratively Dissolved,"['CAROL LAWSON', 'STEPHEN SCHMAUTZ', 'TRESA SCHMAUTZ', 'WILLIAM LAWSON']",,
409,ARCTIC CLUB HOTEL LLC,ARCTIC CLUB HOTEL LLC,"IVORY INVESTMENTS SPOKANE, LLP",602 418 413,748666,"2721 N VAN MARTER DR, STE 1, SPOKANE VLY, WA, 99206-6691, UNITED STATES",Active,"['B & A INVESTMENTS', 'GERALDINE BONUCCELLI', 'JAMES BONUCCELLI', 'ROBERT BONUCCELLI', 'WILLIAM LAWSON']",,
410,ARCTIC CLUB HOTEL LLC,ARCTIC CLUB HOTEL LLC,"INVESTMENT ASSOCIATES OF ALASKA, LLC",603 158 277,232284,"621 W MALLON AVE STE 509, SPOKANE, WA, 99201-2181, UNITED STATES",Active,['WILLIAM LAWSON'],,
411,ARCTIC CLUB HOTEL LLC,ARCTIC CLUB HOTEL LLC,"HES MP, LLC",602 737 590,739147,"621 W MALLON AVE #509, SPOKANE, WA, 99201, UNITED STATES",Inactive,"['CHRIS ASHENBRENER', 'WILLIAM LAWSON']",,
412,ARCTIC CLUB HOTEL LLC,ARCTIC CLUB HOTEL LLC,"HAL VALLEY APARTMENTS, LLC",602 756 317,244059,"621 W MALLON AVE, STE 603, SPOKANE, WA, 99201-2181, UNITED STATES",Voluntarily Dissolved,"['CHRIS ASHENBRENER', 'WILLIAM LAWSON']",,
413,ARCTIC CLUB HOTEL LLC,ARCTIC CLUB HOTEL LLC,"GJF, LLC",604 084 340,714084,"108 N WASHINGTON ST STE 603, SPOKANE, WA, 99201-5003, UNITED STATES",Voluntarily Dissolved,['WILLIAM LAWSON'],,
414,ARCTIC CLUB HOTEL LLC,ARCTIC CLUB HOTEL LLC,"FAIRBANKS HOSPITALITY, LLC",602 729 166,683873,"621 W MALLON AVE, SUITE 509, SPOKANE, WA, 99201-2181, UNITED STATES",Active,"['CHRIS ASHENBRENER', 'WILLIAM LAWSON']",,
415,ARCTIC CLUB HOTEL LLC,ARCTIC CLUB HOTEL LLC,"ESV III, LLC",602 737 239,171437,"621 W MALLON AVENUE, SUITE 509, SPOKANE, WA, 99201, UNITED STATES",Administratively Dissolved,"['CHRIS ASHENBRENER', 'WILLIAM LAWSON']",,
416,ARCTIC CLUB HOTEL LLC,ARCTIC CLUB HOTEL LLC,"ESV II, LLC",602 737 252,677641,"621 W MALLON AVENUE, SUITE 509, SPOKANE, WA, 99201, UNITED STATES",Administratively Dissolved,"['CHRIS ASHENBRENER', 'WILLIAM LAWSON']",,
417,ARCTIC CLUB HOTEL LLC,ARCTIC CLUB HOTEL LLC,"ESV I, LLC",602 737 188,688279,"621 W MALLON AVENUE, SUITE 509, SPOKANE, WA, 99201, UNITED STATES",Inactive,"['CHRIS ASHENBRENER', 'WILLIAM LAWSON']",,
418,ARCTIC CLUB HOTEL LLC,ARCTIC CLUB HOTEL LLC,EMPIRE IV LLC,604 756 817,1457528,"621 W MALLON AVE, SUITE 509, SPOKANE, WA, 99201-2181, UNITED STATES",Active,"['WILLIAM LAWSON', 'WILLIAM LAWSON']",,
419,ARCTIC CLUB HOTEL LLC,ARCTIC CLUB HOTEL LLC,"EMPIRE III, LLC",602 272 119,1112326,"621 W MALLON AVE STE 509, SPOKANE, WA, 99201-2181, UNITED STATES",Active,['WILLIAM LAWSON'],,
420,ARCTIC CLUB HOTEL LLC,ARCTIC CLUB HOTEL LLC,"EMPIRE II, LLC",602 011 382,113306,"621 W MALLON AVE STE 509, SPOKANE, WA, 99201-2181, UNITED STATES",Active,['WILLIAM LAWSON'],,
421,ARCTIC CLUB HOTEL LLC,ARCTIC CLUB HOTEL LLC,DWLX2 LLC,604 801 277,1489677,"621 W MALLON AVE STE 509, SPOKANE, WA, 99201-2181, UNITED STATES",Active,"['ANDREW LAWSON', 'CAROL LAWSON', 'WILLIAM LAWSON', 'WILLIAM LAWSON']",,
422,ARCTIC CLUB HOTEL LLC,ARCTIC CLUB HOTEL LLC,"DIESEL TELECOM, LLC",604 610 337,1358809,"100 N HOWARD ST STE R, SPOKANE, WA, 99201-0508, UNITED STATES",Active,['WILLIAM LAWSON'],,
423,ARCTIC CLUB HOTEL LLC,ARCTIC CLUB HOTEL LLC,"DAYLAW ALASKA, LLC",604 717 221,1430264,"621 W MALLON AVE STE 509, SPOKANE, WA, 99201-2181, UNITED STATES",Active,"['WILLIAM LAWSON', 'WILLIAM LAWSON']",,
424,ARCTIC CLUB HOTEL LLC,ARCTIC CLUB HOTEL LLC,"COMMERCIAL ELECTRIC SYSTEMS, INC.",601 552 728,84141,"621 W MALLON AVE, SUITE 509, SPOKANE, WA, 99201-2181, UNITED STATES",Active,['WILLIAM LAWSON'],,
425,ARCTIC CLUB HOTEL LLC,ARCTIC CLUB HOTEL LLC,"CITY VIEW, LLC",603 256 021,619243,"621 W MALLON AVE STE 509, SPOKANE, WA, 99201-2181, UNITED STATES",Active,['WILLIAM LAWSON'],,
426,ARCTIC CLUB HOTEL LLC,ARCTIC CLUB HOTEL LLC,"CALDWELL FAMILY RESTAURANT, INC.",601 256 431,587738,,Administratively Dissolved,"['NANCY MCDANIEL', 'WILLIAM LAWSON']",,
427,ARCTIC CLUB HOTEL LLC,ARCTIC CLUB HOTEL LLC,"BOTHELL HOSPITALITY, LLC",602 729 109,71866,"621 W MALLON AVE, SUITE 509, SPOKANE, WA, 99201-2181, UNITED STATES",Active,"['CHRIS ASHENBRENER', 'WILLIAM LAWSON']",,
428,ARCTIC CLUB HOTEL LLC,ARCTIC CLUB HOTEL LLC,"BILL'S ROOFING, INC.",602 691 571,66325,"11316 216TH ST E, GRAHAM, WA, 98338-8816, UNITED STATES",Active,"['CARRIE LAWSON', 'WILLIAM LAWSON']",,
429,ARCTIC CLUB HOTEL LLC,ARCTIC CLUB HOTEL LLC,AWL OPPORTUNITY FUND LLC,604 799 195,1489452,"621 W MALLON AVE STE 509, SPOKANE, WA, 99201-2181, UNITED STATES",Active,"['WILLIAM LAWSON', 'WILLIAM LAWSON']",,
430,ARCTIC CLUB HOTEL LLC,ARCTIC CLUB HOTEL LLC,ARCTIC HOTEL MANAGEMENT LLC,602 640 321,54413,"621 W MALLON AVE STE 509, SPOKANE, WA, 99201-2181, UNITED STATES",Voluntarily Dissolved,"[' ARCTIC CLUB DEVELOPMENT LLC', 'JOHN DE LANOY', 'WILLIAM LAWSON']",,
431,ARCTIC CLUB HOTEL LLC,ARCTIC CLUB HOTEL LLC,ARCTIC CLUB PEO LLC,602 917 144,39138,,Administratively Dissolved,"['CHRIS ASHENBRENER', 'WILLIAM LAWSON']",,
432,ARCTIC CLUB HOTEL LLC,ARCTIC CLUB HOTEL LLC,ARCTIC CLUB MASTER TENANT LLC,602 630 397,39137,"700 3RD AVENUE, SEATTLE, WA, 98104, UNITED STATES",Voluntarily Dissolved,"['JOHN DE LANOY', 'WILLIAM LAWSON']",,
433,ARCTIC CLUB HOTEL LLC,ARCTIC CLUB HOTEL LLC,"ARCTIC CLUB MASTER TENANT I, INC.",603 457 288,39136,"621 W MALLON AVE STE 509, SPOKANE, WA, 99201-2181, UNITED STATES",Voluntarily Dissolved,['WILLIAM LAWSON'],,
434,ARCTIC CLUB HOTEL LLC,ARCTIC CLUB HOTEL LLC,"ARCTIC CLUB HOTEL I, INC.",603 457 293,554812,"621 W MALLON AVE STE 509, SPOKANE, WA, 99201-2181, UNITED STATES",Voluntarily Dissolved,['WILLIAM LAWSON'],,
435,ARCTIC CLUB HOTEL LLC,ARCTIC CLUB HOTEL LLC,"ANCHORAGE ASSOCIATES I, INC.",603 160 797,32453,"621 W MALLON AVE STE 509, SPOKANE, WA, 99201-2181, UNITED STATES",Voluntarily Dissolved,['WILLIAM LAWSON'],,
436,ARCTIC CLUB HOTEL LLC,ARCTIC CLUB HOTEL LLC,"AMSIX I, INC.",603 160 793,31405,"621 W MALLON AVE STE 509, SPOKANE, WA, 99201-2181, UNITED STATES",Active,['WILLIAM LAWSON'],,
437,ARCTIC CLUB HOTEL LLC,ARCTIC CLUB HOTEL LLC,"AMERICAN STREET PROPERTIES, LLC.",603 347 739,537640,"10407 NE 22ND PL, VANCOUVER, WA, 98686-8604, UNITED STATES",Administratively Dissolved,"['SARAH LAWSON', 'WILLIAM LAWSON']",,
438,ARCTIC CLUB HOTEL LLC,ARCTIC CLUB HOTEL LLC,"ALASKA HOSPITALITY I, INC.",603 254 740,31855,"621 W MALLON AVE STE 509, SPOKANE, WA, 99201-2181, UNITED STATES",Active,['WILLIAM LAWSON'],,
439,ARCTIC CLUB HOTEL LLC,ARCTIC CLUB HOTEL LLC,"AL III, LLC",603 576 630,532347,"621 W MALLON AVE, STE 509, SPOKANE, WA, 99201-2163, UNITED STATES",Voluntarily Dissolved,"['CHRIS ASHENBRENER', 'RYAN RUFFCORN', 'WILLIAM LAWSON']",,
440,ARCTIC CLUB HOTEL LLC,ARCTIC CLUB HOTEL LLC,AAWL LLC,602 898 342,17917,"621 W MALLON AVE, SUITE 509, SPOKANE, WA, 99201-2181, UNITED STATES",Active,['WILLIAM LAWSON'],,
441,ARCTIC CLUB HOTEL LLC,ARCTIC CLUB HOTEL LLC,"A-1 KENNEWICK, LLC",603 231 912,10409,"621 W MALLON AVE STE 509, SPOKANE, WA, 99201-2181, UNITED STATES",Active,['WILLIAM LAWSON'],,
442,ARCTIC CLUB HOTEL LLC,ARCTIC CLUB HOTEL LLC,"A & A CONSTRUCTION & DEVELOPMENT, INC.",601 009 376,82216,"621 W MALLON AVE STE 509, SPOKANE, WA, 99201-2181, UNITED STATES",Active,['WILLIAM LAWSON'],,
443,ARCTIC CLUB HOTEL LLC,ARCTIC CLUB HOTEL LLC,"47 NORTH APARTMENTS, LLC",604 741 216,1447713,"621 W MALLON AVE, STE 509, SPOKANE, WA, 99201-2181, UNITED STATES",Active,"['WILLIAM LAWSON', 'WILLIAM LAWSON']",,
