,SearchTerm,BusinessName,UBINumber,BusinessId,Address,Status,address_match,ubi_match,id_match,Agent,EntityType,PrincipalID,PrincipalName
0,KAR STANDARD LLC,KAR STANDARD LLC,604 145 518,763141,"1 FEDERAL ST FL 17, BOSTON, MA, 02110-2003, UNITED STATES",Active,False,False,False,CORPORATION SERVICE COMPANY,Entity,1570323,KAONOULU RANCH LLLP
1,300 FIFTH AVENUE LLC,300 FIFTH AVENUE LLC,604 670 512,1399595,"1000 2ND AVE STE 1800, SEATTLE, WA, 98104-3619, UNITED STATES",Active,False,False,False,,Individual,3315049,JOHN M. GREELEY
2,300 FIFTH AVENUE LLC,300 FIFTH AVENUE LLC,604 670 512,1399595,"1000 2ND AVE STE 1800, SEATTLE, WA, 98104-3619, UNITED STATES",Active,False,False,False,,Individual,3349317,MARTIN SELIG
3,MSI - 1ST & KING LLC,MSI - 1ST & KING LLC,602 739 680,880019,"316 OCCIDENTAL AVE S, STE 300, SEATTLE, WA, 98104-4421, UNITED STATES",Active,False,False,False,FIKSO KRETSCHMER SMITH DIXON ORMSETH PS,Individual,2114613,"H  MARTIN SMITH, III"
4,BRICKMAN PACIFIC LLC,BRICKMAN PACIFIC LLC,603 445 367,74763,"C/O BRICKMAN, ONCE GREENWICH OFFICE PARK, BUILDING 1N, SUITE 175, GREENWICH, CT, 06831, UNITED STATES",Active,False,False,False,C T CORPORATION SYSTEM,Entity,3617104,BRICKMAN FUND VI REIT INC.
5,BPP 800 FIFTH PROPERTY OWNER LLC,BPP 800 FIFTH PROPERTY OWNER LLC,604 371 982,1248153,"233 S WACKER DR, SUITE 4700, CHICAGO, IL, 60606-6332, UNITED STATES",Active,False,False,False,CORPORATION SERVICE COMPANY,Entity,2742706,BPP 800 FIFTH MEZZ LLC
6,BPP 800 FIFTH PROPERTY OWNER LLC,BPP 800 FIFTH PROPERTY OWNER LLC,604 371 982,1248153,"233 S WACKER DR, SUITE 4700, CHICAGO, IL, 60606-6332, UNITED STATES",Active,False,False,False,CORPORATION SERVICE COMPANY,Individual,3038682,CHAO YAN
7,BPP 800 FIFTH PROPERTY OWNER LLC,BPP 800 FIFTH PROPERTY OWNER LLC,604 371 982,1248153,"233 S WACKER DR, SUITE 4700, CHICAGO, IL, 60606-6332, UNITED STATES",Active,False,False,False,CORPORATION SERVICE COMPANY,Individual,3038683,A.J. AGARWAL
8,BPP 800 FIFTH PROPERTY OWNER LLC,BPP 800 FIFTH PROPERTY OWNER LLC,604 371 982,1248153,"233 S WACKER DR, SUITE 4700, CHICAGO, IL, 60606-6332, UNITED STATES",Active,False,False,False,CORPORATION SERVICE COMPANY,Individual,3038684,KENNETH A. CAPLAN
9,BPP 800 FIFTH PROPERTY OWNER LLC,BPP 800 FIFTH PROPERTY OWNER LLC,604 371 982,1248153,"233 S WACKER DR, SUITE 4700, CHICAGO, IL, 60606-6332, UNITED STATES",Active,False,False,False,CORPORATION SERVICE COMPANY,Individual,3038685,FRANK COHEN
10,BPP 800 FIFTH PROPERTY OWNER LLC,BPP 800 FIFTH PROPERTY OWNER LLC,604 371 982,1248153,"233 S WACKER DR, SUITE 4700, CHICAGO, IL, 60606-6332, UNITED STATES",Active,False,False,False,CORPORATION SERVICE COMPANY,Individual,3038686,GIOVANNI CUTAIA
11,BPP 800 FIFTH PROPERTY OWNER LLC,BPP 800 FIFTH PROPERTY OWNER LLC,604 371 982,1248153,"233 S WACKER DR, SUITE 4700, CHICAGO, IL, 60606-6332, UNITED STATES",Active,False,False,False,CORPORATION SERVICE COMPANY,Individual,3038687,ROBERT HARPER
12,BPP 800 FIFTH PROPERTY OWNER LLC,BPP 800 FIFTH PROPERTY OWNER LLC,604 371 982,1248153,"233 S WACKER DR, SUITE 4700, CHICAGO, IL, 60606-6332, UNITED STATES",Active,False,False,False,CORPORATION SERVICE COMPANY,Individual,3038688,TYLER HENRITZE
13,BPP 800 FIFTH PROPERTY OWNER LLC,BPP 800 FIFTH PROPERTY OWNER LLC,604 371 982,1248153,"233 S WACKER DR, SUITE 4700, CHICAGO, IL, 60606-6332, UNITED STATES",Active,False,False,False,CORPORATION SERVICE COMPANY,Individual,3038689,KATHLEEN MCCARTHY
14,BPP 800 FIFTH PROPERTY OWNER LLC,BPP 800 FIFTH PROPERTY OWNER LLC,604 371 982,1248153,"233 S WACKER DR, SUITE 4700, CHICAGO, IL, 60606-6332, UNITED STATES",Active,False,False,False,CORPORATION SERVICE COMPANY,Individual,3038690,NADEEM MEGHJI
15,BPP 800 FIFTH PROPERTY OWNER LLC,BPP 800 FIFTH PROPERTY OWNER LLC,604 371 982,1248153,"233 S WACKER DR, SUITE 4700, CHICAGO, IL, 60606-6332, UNITED STATES",Active,False,False,False,CORPORATION SERVICE COMPANY,Individual,3038691,WILLIAM J. STEIN
16,BPP 800 FIFTH PROPERTY OWNER LLC,BPP 800 FIFTH PROPERTY OWNER LLC,604 371 982,1248153,"233 S WACKER DR, SUITE 4700, CHICAGO, IL, 60606-6332, UNITED STATES",Active,False,False,False,CORPORATION SERVICE COMPANY,Individual,3038692,WESLEY LEPATNER
17,BPP 800 FIFTH PROPERTY OWNER LLC,BPP 800 FIFTH PROPERTY OWNER LLC,604 371 982,1248153,"233 S WACKER DR, SUITE 4700, CHICAGO, IL, 60606-6332, UNITED STATES",Active,False,False,False,CORPORATION SERVICE COMPANY,Individual,3038693,JACOB WERNER
18,BPP 800 FIFTH PROPERTY OWNER LLC,BPP 800 FIFTH PROPERTY OWNER LLC,604 371 982,1248153,"233 S WACKER DR, SUITE 4700, CHICAGO, IL, 60606-6332, UNITED STATES",Active,False,False,False,CORPORATION SERVICE COMPANY,Individual,3038694,MICHAEL LASCHER
19,BPP 800 FIFTH PROPERTY OWNER LLC,BPP 800 FIFTH PROPERTY OWNER LLC,604 371 982,1248153,"233 S WACKER DR, SUITE 4700, CHICAGO, IL, 60606-6332, UNITED STATES",Active,False,False,False,CORPORATION SERVICE COMPANY,Individual,3038695,DOUG ARMER
20,BPP 800 FIFTH PROPERTY OWNER LLC,BPP 800 FIFTH PROPERTY OWNER LLC,604 371 982,1248153,"233 S WACKER DR, SUITE 4700, CHICAGO, IL, 60606-6332, UNITED STATES",Active,False,False,False,CORPORATION SERVICE COMPANY,Individual,3038696,ANTHONY BEOVICH
21,BPP 800 FIFTH PROPERTY OWNER LLC,BPP 800 FIFTH PROPERTY OWNER LLC,604 371 982,1248153,"233 S WACKER DR, SUITE 4700, CHICAGO, IL, 60606-6332, UNITED STATES",Active,False,False,False,CORPORATION SERVICE COMPANY,Individual,3038698,ANDREA DRASITES
22,BPP 800 FIFTH PROPERTY OWNER LLC,BPP 800 FIFTH PROPERTY OWNER LLC,604 371 982,1248153,"233 S WACKER DR, SUITE 4700, CHICAGO, IL, 60606-6332, UNITED STATES",Active,False,False,False,CORPORATION SERVICE COMPANY,Individual,3038701,BRIAN KIM
23,BPP 800 FIFTH PROPERTY OWNER LLC,BPP 800 FIFTH PROPERTY OWNER LLC,604 371 982,1248153,"233 S WACKER DR, SUITE 4700, CHICAGO, IL, 60606-6332, UNITED STATES",Active,False,False,False,CORPORATION SERVICE COMPANY,Individual,3038702,DAVID LEVINE
24,BPP 800 FIFTH PROPERTY OWNER LLC,BPP 800 FIFTH PROPERTY OWNER LLC,604 371 982,1248153,"233 S WACKER DR, SUITE 4700, CHICAGO, IL, 60606-6332, UNITED STATES",Active,False,False,False,CORPORATION SERVICE COMPANY,Individual,3038703,QAHIR MADHANY
25,BPP 800 FIFTH PROPERTY OWNER LLC,BPP 800 FIFTH PROPERTY OWNER LLC,604 371 982,1248153,"233 S WACKER DR, SUITE 4700, CHICAGO, IL, 60606-6332, UNITED STATES",Active,False,False,False,CORPORATION SERVICE COMPANY,Individual,3038704,"ANTHONY F. MARONE, JR."
26,BPP 800 FIFTH PROPERTY OWNER LLC,BPP 800 FIFTH PROPERTY OWNER LLC,604 371 982,1248153,"233 S WACKER DR, SUITE 4700, CHICAGO, IL, 60606-6332, UNITED STATES",Active,False,False,False,CORPORATION SERVICE COMPANY,Individual,3038705,MELISSA PIANKO
27,BPP 800 FIFTH PROPERTY OWNER LLC,BPP 800 FIFTH PROPERTY OWNER LLC,604 371 982,1248153,"233 S WACKER DR, SUITE 4700, CHICAGO, IL, 60606-6332, UNITED STATES",Active,False,False,False,CORPORATION SERVICE COMPANY,Individual,3038706,PAUL QUINLAN
28,BPP 800 FIFTH PROPERTY OWNER LLC,BPP 800 FIFTH PROPERTY OWNER LLC,604 371 982,1248153,"233 S WACKER DR, SUITE 4700, CHICAGO, IL, 60606-6332, UNITED STATES",Active,False,False,False,CORPORATION SERVICE COMPANY,Individual,3038708,KAREN SPROGIS
29,BPP 800 FIFTH PROPERTY OWNER LLC,BPP 800 FIFTH PROPERTY OWNER LLC,604 371 982,1248153,"233 S WACKER DR, SUITE 4700, CHICAGO, IL, 60606-6332, UNITED STATES",Active,False,False,False,CORPORATION SERVICE COMPANY,Individual,3038709,MICHAEL WIEBOLT
30,BPP 800 FIFTH PROPERTY OWNER LLC,BPP 800 FIFTH PROPERTY OWNER LLC,604 371 982,1248153,"233 S WACKER DR, SUITE 4700, CHICAGO, IL, 60606-6332, UNITED STATES",Active,False,False,False,CORPORATION SERVICE COMPANY,Individual,3038710,LEON VOLCHYOK
31,BPP 800 FIFTH PROPERTY OWNER LLC,BPP 800 FIFTH PROPERTY OWNER LLC,604 371 982,1248153,"233 S WACKER DR, SUITE 4700, CHICAGO, IL, 60606-6332, UNITED STATES",Active,False,False,False,CORPORATION SERVICE COMPANY,Individual,3038711,CHRIS GRAHAM
32,BPP 800 FIFTH PROPERTY OWNER LLC,BPP 800 FIFTH PROPERTY OWNER LLC,604 371 982,1248153,"233 S WACKER DR, SUITE 4700, CHICAGO, IL, 60606-6332, UNITED STATES",Active,False,False,False,CORPORATION SERVICE COMPANY,Individual,3038712,RYAN INGLE
33,BPP 800 FIFTH PROPERTY OWNER LLC,BPP 800 FIFTH PROPERTY OWNER LLC,604 371 982,1248153,"233 S WACKER DR, SUITE 4700, CHICAGO, IL, 60606-6332, UNITED STATES",Active,False,False,False,CORPORATION SERVICE COMPANY,Individual,3038713,JOSHUA CARSON
34,BPP 800 FIFTH PROPERTY OWNER LLC,BPP 800 FIFTH PROPERTY OWNER LLC,604 371 982,1248153,"233 S WACKER DR, SUITE 4700, CHICAGO, IL, 60606-6332, UNITED STATES",Active,False,False,False,CORPORATION SERVICE COMPANY,Individual,3038714,ERIC WU
35,BPP 800 FIFTH PROPERTY OWNER LLC,BPP 800 FIFTH PROPERTY OWNER LLC,604 371 982,1248153,"233 S WACKER DR, SUITE 4700, CHICAGO, IL, 60606-6332, UNITED STATES",Active,False,False,False,CORPORATION SERVICE COMPANY,Individual,3038715,NICOLE GRIMALDI
36,BPP 800 FIFTH PROPERTY OWNER LLC,BPP 800 FIFTH PROPERTY OWNER LLC,604 371 982,1248153,"233 S WACKER DR, SUITE 4700, CHICAGO, IL, 60606-6332, UNITED STATES",Active,False,False,False,CORPORATION SERVICE COMPANY,Individual,3038716,MICHAEL BERINGER
37,BPP 800 FIFTH PROPERTY OWNER LLC,BPP 800 FIFTH PROPERTY OWNER LLC,604 371 982,1248153,"233 S WACKER DR, SUITE 4700, CHICAGO, IL, 60606-6332, UNITED STATES",Active,False,False,False,CORPORATION SERVICE COMPANY,Individual,3038717,MARC LENIHAN
38,BPP 800 FIFTH PROPERTY OWNER LLC,BPP 800 FIFTH PROPERTY OWNER LLC,604 371 982,1248153,"233 S WACKER DR, SUITE 4700, CHICAGO, IL, 60606-6332, UNITED STATES",Active,False,False,False,CORPORATION SERVICE COMPANY,Individual,3038718,MARIKAY KLANK
39,BPP 800 FIFTH PROPERTY OWNER LLC,BPP 800 FIFTH PROPERTY OWNER LLC,604 371 982,1248153,"233 S WACKER DR, SUITE 4700, CHICAGO, IL, 60606-6332, UNITED STATES",Active,False,False,False,CORPORATION SERVICE COMPANY,Individual,3038719,JOSEPH VALANE
40,BPP 800 FIFTH PROPERTY OWNER LLC,BPP 800 FIFTH PROPERTY OWNER LLC,604 371 982,1248153,"233 S WACKER DR, SUITE 4700, CHICAGO, IL, 60606-6332, UNITED STATES",Active,False,False,False,CORPORATION SERVICE COMPANY,Individual,3038721,LESLIE ROBELLY
41,BPP 800 FIFTH PROPERTY OWNER LLC,BPP 800 FIFTH PROPERTY OWNER LLC,604 371 982,1248153,"233 S WACKER DR, SUITE 4700, CHICAGO, IL, 60606-6332, UNITED STATES",Active,False,False,False,CORPORATION SERVICE COMPANY,Individual,3038722,LAKECIA STANFORD
42,BPP 800 FIFTH PROPERTY OWNER LLC,BPP 800 FIFTH PROPERTY OWNER LLC,604 371 982,1248153,"233 S WACKER DR, SUITE 4700, CHICAGO, IL, 60606-6332, UNITED STATES",Active,False,False,False,CORPORATION SERVICE COMPANY,Individual,3038723,DANIELLE SANDS
43,BPP 800 FIFTH PROPERTY OWNER LLC,BPP 800 FIFTH PROPERTY OWNER LLC,604 371 982,1248153,"233 S WACKER DR, SUITE 4700, CHICAGO, IL, 60606-6332, UNITED STATES",Active,False,False,False,CORPORATION SERVICE COMPANY,Individual,3038724,ERIC LEANER
44,BPP 800 FIFTH PROPERTY OWNER LLC,BPP 800 FIFTH PROPERTY OWNER LLC,604 371 982,1248153,"233 S WACKER DR, SUITE 4700, CHICAGO, IL, 60606-6332, UNITED STATES",Active,False,False,False,CORPORATION SERVICE COMPANY,Individual,3038726,FRANK R. CAMPBELL
45,BPP 800 FIFTH PROPERTY OWNER LLC,BPP 800 FIFTH PROPERTY OWNER LLC,604 371 982,1248153,"233 S WACKER DR, SUITE 4700, CHICAGO, IL, 60606-6332, UNITED STATES",Active,False,False,False,CORPORATION SERVICE COMPANY,Individual,3352426,JOHN PRETE
46,BPP 800 FIFTH PROPERTY OWNER LLC,BPP 800 FIFTH PROPERTY OWNER LLC,604 371 982,1248153,"233 S WACKER DR, SUITE 4700, CHICAGO, IL, 60606-6332, UNITED STATES",Active,False,False,False,CORPORATION SERVICE COMPANY,Individual,3352428,MARSHALL NEVINS
47,BPP 800 FIFTH PROPERTY OWNER LLC,BPP 800 FIFTH PROPERTY OWNER LLC,604 371 982,1248153,"233 S WACKER DR, SUITE 4700, CHICAGO, IL, 60606-6332, UNITED STATES",Active,False,False,False,CORPORATION SERVICE COMPANY,Individual,3352429,BRIAN LIN
48,BPP 800 FIFTH PROPERTY OWNER LLC,BPP 800 FIFTH PROPERTY OWNER LLC,604 371 982,1248153,"233 S WACKER DR, SUITE 4700, CHICAGO, IL, 60606-6332, UNITED STATES",Active,False,False,False,CORPORATION SERVICE COMPANY,Individual,3706461,DAVID MOORE
49,BPP 800 FIFTH PROPERTY OWNER LLC,BPP 800 FIFTH PROPERTY OWNER LLC,604 371 982,1248153,"233 S WACKER DR, SUITE 4700, CHICAGO, IL, 60606-6332, UNITED STATES",Active,False,False,False,CORPORATION SERVICE COMPANY,Individual,3706462,BRENDAN MCCRACKEN
50,BPP 800 FIFTH PROPERTY OWNER LLC,BPP 800 FIFTH PROPERTY OWNER LLC,604 371 982,1248153,"233 S WACKER DR, SUITE 4700, CHICAGO, IL, 60606-6332, UNITED STATES",Active,False,False,False,CORPORATION SERVICE COMPANY,Individual,3706463,MIKKI WARD
51,BPP 800 FIFTH PROPERTY OWNER LLC,BPP 800 FIFTH PROPERTY OWNER LLC,604 371 982,1248153,"233 S WACKER DR, SUITE 4700, CHICAGO, IL, 60606-6332, UNITED STATES",Active,False,False,False,CORPORATION SERVICE COMPANY,Individual,3706464,AMY SMITH
52,BPP 800 FIFTH PROPERTY OWNER LLC,BPP 800 FIFTH PROPERTY OWNER LLC,604 371 982,1248153,"233 S WACKER DR, SUITE 4700, CHICAGO, IL, 60606-6332, UNITED STATES",Active,False,False,False,CORPORATION SERVICE COMPANY,Individual,3706465,BRITTON DERKAC
53,BPP 800 FIFTH PROPERTY OWNER LLC,BPP 800 FIFTH PROPERTY OWNER LLC,604 371 982,1248153,"233 S WACKER DR, SUITE 4700, CHICAGO, IL, 60606-6332, UNITED STATES",Active,False,False,False,CORPORATION SERVICE COMPANY,Individual,3706466,SIMON WASSERBERGER
54,BPP 800 FIFTH PROPERTY OWNER LLC,BPP 800 FIFTH PROPERTY OWNER LLC,604 371 982,1248153,"233 S WACKER DR, SUITE 4700, CHICAGO, IL, 60606-6332, UNITED STATES",Active,False,False,False,CORPORATION SERVICE COMPANY,Individual,3706467,LAUREN SOZIO
55,BPP 800 FIFTH PROPERTY OWNER LLC,BPP 800 FIFTH PROPERTY OWNER LLC,604 371 982,1248153,"233 S WACKER DR, SUITE 4700, CHICAGO, IL, 60606-6332, UNITED STATES",Active,False,False,False,CORPORATION SERVICE COMPANY,Individual,3706468,PAUL GORDON
56,BPP 800 FIFTH PROPERTY OWNER LLC,BPP 800 FIFTH PROPERTY OWNER LLC,604 371 982,1248153,"233 S WACKER DR, SUITE 4700, CHICAGO, IL, 60606-6332, UNITED STATES",Active,False,False,False,CORPORATION SERVICE COMPANY,Individual,3706469,SPENCER ROSE
57,BPP 800 FIFTH PROPERTY OWNER LLC,BPP 800 FIFTH PROPERTY OWNER LLC,604 371 982,1248153,"233 S WACKER DR, SUITE 4700, CHICAGO, IL, 60606-6332, UNITED STATES",Active,False,False,False,CORPORATION SERVICE COMPANY,Individual,3706470,CHARLIE HOBEY
58,BPP 800 FIFTH PROPERTY OWNER LLC,BPP 800 FIFTH PROPERTY OWNER LLC,604 371 982,1248153,"233 S WACKER DR, SUITE 4700, CHICAGO, IL, 60606-6332, UNITED STATES",Active,False,False,False,CORPORATION SERVICE COMPANY,Individual,3706471,DEONDRA CEPHUS
59,BPP 800 FIFTH PROPERTY OWNER LLC,BPP 800 FIFTH PROPERTY OWNER LLC,604 371 982,1248153,"233 S WACKER DR, SUITE 4700, CHICAGO, IL, 60606-6332, UNITED STATES",Active,False,False,False,CORPORATION SERVICE COMPANY,Individual,3706472,ASIM HAMID
60,BPP 800 FIFTH PROPERTY OWNER LLC,BPP 800 FIFTH PROPERTY OWNER LLC,604 371 982,1248153,"233 S WACKER DR, SUITE 4700, CHICAGO, IL, 60606-6332, UNITED STATES",Active,False,False,False,CORPORATION SERVICE COMPANY,Individual,3706473,BRIAN KAUFMAN
61,BPP 800 FIFTH PROPERTY OWNER LLC,BPP 800 FIFTH PROPERTY OWNER LLC,604 371 982,1248153,"233 S WACKER DR, SUITE 4700, CHICAGO, IL, 60606-6332, UNITED STATES",Active,False,False,False,CORPORATION SERVICE COMPANY,Individual,3706474,SCOTT TREBILCO
62,BPP 800 FIFTH PROPERTY OWNER LLC,BPP 800 FIFTH PROPERTY OWNER LLC,604 371 982,1248153,"233 S WACKER DR, SUITE 4700, CHICAGO, IL, 60606-6332, UNITED STATES",Active,False,False,False,CORPORATION SERVICE COMPANY,Individual,3706475,JOSEPH ROCCO
63,BPP 800 FIFTH PROPERTY OWNER LLC,BPP 800 FIFTH PROPERTY OWNER LLC,604 371 982,1248153,"233 S WACKER DR, SUITE 4700, CHICAGO, IL, 60606-6332, UNITED STATES",Active,False,False,False,CORPORATION SERVICE COMPANY,Individual,3706476,T. MAX O'NEILL
64,BPP 800 FIFTH PROPERTY OWNER LLC,BPP 800 FIFTH PROPERTY OWNER LLC,604 371 982,1248153,"233 S WACKER DR, SUITE 4700, CHICAGO, IL, 60606-6332, UNITED STATES",Active,False,False,False,CORPORATION SERVICE COMPANY,Individual,3706477,ADAM LESLIE
65,BPP 800 FIFTH PROPERTY OWNER LLC,BPP 800 FIFTH PROPERTY OWNER LLC,604 371 982,1248153,"233 S WACKER DR, SUITE 4700, CHICAGO, IL, 60606-6332, UNITED STATES",Active,False,False,False,CORPORATION SERVICE COMPANY,Individual,3706478,MIKE FORMAN
66,BPP 800 FIFTH PROPERTY OWNER LLC,BPP 800 FIFTH PROPERTY OWNER LLC,604 371 982,1248153,"233 S WACKER DR, SUITE 4700, CHICAGO, IL, 60606-6332, UNITED STATES",Active,False,False,False,CORPORATION SERVICE COMPANY,Individual,3706479,RON BERNSTEIN
67,BPP 800 FIFTH PROPERTY OWNER LLC,BPP 800 FIFTH PROPERTY OWNER LLC,604 371 982,1248153,"233 S WACKER DR, SUITE 4700, CHICAGO, IL, 60606-6332, UNITED STATES",Active,False,False,False,CORPORATION SERVICE COMPANY,Individual,3706480,MICHAEL ANTHONY
68,BPP 800 FIFTH PROPERTY OWNER LLC,BPP 800 FIFTH PROPERTY OWNER LLC,604 371 982,1248153,"233 S WACKER DR, SUITE 4700, CHICAGO, IL, 60606-6332, UNITED STATES",Active,False,False,False,CORPORATION SERVICE COMPANY,Individual,4057769,GLEN BARTLEY
69,BPP 800 FIFTH PROPERTY OWNER LLC,BPP 800 FIFTH PROPERTY OWNER LLC,604 371 982,1248153,"233 S WACKER DR, SUITE 4700, CHICAGO, IL, 60606-6332, UNITED STATES",Active,False,False,False,CORPORATION SERVICE COMPANY,Individual,4057770,PHIL BATEMAN
70,BPP 800 FIFTH PROPERTY OWNER LLC,BPP 800 FIFTH PROPERTY OWNER LLC,604 371 982,1248153,"233 S WACKER DR, SUITE 4700, CHICAGO, IL, 60606-6332, UNITED STATES",Active,False,False,False,CORPORATION SERVICE COMPANY,Individual,4057771,MARK HUDSPETH
71,BPP 800 FIFTH PROPERTY OWNER LLC,BPP 800 FIFTH PROPERTY OWNER LLC,604 371 982,1248153,"233 S WACKER DR, SUITE 4700, CHICAGO, IL, 60606-6332, UNITED STATES",Active,False,False,False,CORPORATION SERVICE COMPANY,Individual,4057772,TOM JACK
72,BPP 800 FIFTH PROPERTY OWNER LLC,BPP 800 FIFTH PROPERTY OWNER LLC,604 371 982,1248153,"233 S WACKER DR, SUITE 4700, CHICAGO, IL, 60606-6332, UNITED STATES",Active,False,False,False,CORPORATION SERVICE COMPANY,Individual,4057773,PAUL KOLODZIEJ
73,BPP 800 FIFTH PROPERTY OWNER LLC,BPP 800 FIFTH PROPERTY OWNER LLC,604 371 982,1248153,"233 S WACKER DR, SUITE 4700, CHICAGO, IL, 60606-6332, UNITED STATES",Active,False,False,False,CORPORATION SERVICE COMPANY,Individual,4057774,BRENDAN MCINTEE
74,BPP 800 FIFTH PROPERTY OWNER LLC,BPP 800 FIFTH PROPERTY OWNER LLC,604 371 982,1248153,"233 S WACKER DR, SUITE 4700, CHICAGO, IL, 60606-6332, UNITED STATES",Active,False,False,False,CORPORATION SERVICE COMPANY,Individual,4057775,DAVID O'NEILL
75,BPP 800 FIFTH PROPERTY OWNER LLC,BPP 800 FIFTH PROPERTY OWNER LLC,604 371 982,1248153,"233 S WACKER DR, SUITE 4700, CHICAGO, IL, 60606-6332, UNITED STATES",Active,False,False,False,CORPORATION SERVICE COMPANY,Individual,4057776,RICHARD REYES
76,BPP 800 FIFTH PROPERTY OWNER LLC,BPP 800 FIFTH PROPERTY OWNER LLC,604 371 982,1248153,"233 S WACKER DR, SUITE 4700, CHICAGO, IL, 60606-6332, UNITED STATES",Active,False,False,False,CORPORATION SERVICE COMPANY,Individual,4057777,JEFF NIRENBERG
77,BPP 800 FIFTH PROPERTY OWNER LLC,BPP 800 FIFTH PROPERTY OWNER LLC,604 371 982,1248153,"233 S WACKER DR, SUITE 4700, CHICAGO, IL, 60606-6332, UNITED STATES",Active,False,False,False,CORPORATION SERVICE COMPANY,Individual,4057778,NICOLE LALICH
78,BPP 800 FIFTH PROPERTY OWNER LLC,BPP 800 FIFTH PROPERTY OWNER LLC,604 371 982,1248153,"233 S WACKER DR, SUITE 4700, CHICAGO, IL, 60606-6332, UNITED STATES",Active,False,False,False,CORPORATION SERVICE COMPANY,Individual,4057779,NISSAN SHAH
79,BPP 800 FIFTH PROPERTY OWNER LLC,BPP 800 FIFTH PROPERTY OWNER LLC,604 371 982,1248153,"233 S WACKER DR, SUITE 4700, CHICAGO, IL, 60606-6332, UNITED STATES",Active,False,False,False,CORPORATION SERVICE COMPANY,Individual,4057780,IVY ISRAEL
80,BPP 800 FIFTH PROPERTY OWNER LLC,BPP 800 FIFTH PROPERTY OWNER LLC,604 371 982,1248153,"233 S WACKER DR, SUITE 4700, CHICAGO, IL, 60606-6332, UNITED STATES",Active,False,False,False,CORPORATION SERVICE COMPANY,Individual,4057781,ANNA STOKES
81,BPP 800 FIFTH PROPERTY OWNER LLC,BPP 800 FIFTH PROPERTY OWNER LLC,604 371 982,1248153,"233 S WACKER DR, SUITE 4700, CHICAGO, IL, 60606-6332, UNITED STATES",Active,False,False,False,CORPORATION SERVICE COMPANY,Individual,4057782,AMANDA BATES
82,BPP 800 FIFTH PROPERTY OWNER LLC,BPP 800 FIFTH PROPERTY OWNER LLC,604 371 982,1248153,"233 S WACKER DR, SUITE 4700, CHICAGO, IL, 60606-6332, UNITED STATES",Active,False,False,False,CORPORATION SERVICE COMPANY,Individual,4057783,ZACH ZABROWSKI
83,BPP 800 FIFTH PROPERTY OWNER LLC,BPP 800 FIFTH PROPERTY OWNER LLC,604 371 982,1248153,"233 S WACKER DR, SUITE 4700, CHICAGO, IL, 60606-6332, UNITED STATES",Active,False,False,False,CORPORATION SERVICE COMPANY,Individual,4057784,TIM MARCHAL
84,BPP 800 FIFTH PROPERTY OWNER LLC,BPP 800 FIFTH PROPERTY OWNER LLC,604 371 982,1248153,"233 S WACKER DR, SUITE 4700, CHICAGO, IL, 60606-6332, UNITED STATES",Active,False,False,False,CORPORATION SERVICE COMPANY,Individual,4057785,JIM ANDERSON
85,BPP 800 FIFTH PROPERTY OWNER LLC,BPP 800 FIFTH PROPERTY OWNER LLC,604 371 982,1248153,"233 S WACKER DR, SUITE 4700, CHICAGO, IL, 60606-6332, UNITED STATES",Active,False,False,False,CORPORATION SERVICE COMPANY,Individual,4057786,STEVEN HAMILTON
86,BPP 800 FIFTH PROPERTY OWNER LLC,BPP 800 FIFTH PROPERTY OWNER LLC,604 371 982,1248153,"233 S WACKER DR, SUITE 4700, CHICAGO, IL, 60606-6332, UNITED STATES",Active,False,False,False,CORPORATION SERVICE COMPANY,Individual,4057787,BRENDA HARALDSTAD
87,SEATTLE DOWNTOWN HOTEL & RESIDENCES LLC,SEATTLE DOWNTOWN HOTEL & RESIDENCES LLC,603 340 323,1001050,"433 CALIFORNIA ST, STE 700, SAN FRANCISCO, CA, 94104-2011, UNITED STATES",Active,False,False,False,C T CORPORATION SYSTEM,Entity,259920,STANFORD HOSPITALITY INC
88,SEATTLE DOWNTOWN HOTEL & RESIDENCES LLC,SEATTLE DOWNTOWN HOTEL & RESIDENCES LLC,603 340 323,1001050,"433 CALIFORNIA ST, STE 700, SAN FRANCISCO, CA, 94104-2011, UNITED STATES",Active,False,False,False,C T CORPORATION SYSTEM,Entity,606221,ELLIOTT DEVELOPMENT LLC
89,POLSON HOLDINGS LLC,POLSON HOLDINGS LLC,603 591 729,909243,"2101 FOURTH AVENUE, SUITE 310, SEATTLE, WA, 98121, UNITED STATES",Active,False,False,False,STANLEY PIHA,Individual,2032193,LORRI A. DUNSMORE
90,POLSON HOLDINGS LLC,POLSON HOLDINGS LLC,603 591 729,909243,"2101 FOURTH AVENUE, SUITE 310, SEATTLE, WA, 98121, UNITED STATES",Active,False,False,False,STANLEY PIHA,Individual,2441204,LOIS MAYERS
91,UNICO BOP COLMAN BUILDING LLC,UNICO BOP COLMAN BUILDING LLC,604 412 880,1268800,"1326 5TH AVE, SUITE 800, SEATTLE, WA, 98101-2627, UNITED STATES",Active,False,False,False,CORPORATION SERVICE COMPANY,Entity,2822318,UNICO PROPERTIES LLC
92,REEDO LP,REEDO LP,603 010 792,255022,"12886 INTERURBAN AVE S, SEATTLE, WA, 98168, UNITED STATES",Active,False,False,False,ACB SERVICES LLC,Entity,2499868,NICOLA REAL ESTATE GENERAL PARTNER LTD.
93,RFA MASIN BLOCK LLC,RFA MASIN BLOCK LLC,604 773 676,1472467,"55 2ND ST STE 1900, SAN FRANCISCO, CA, 94105-3497, UNITED STATES",Active,False,False,False,C T CORPORATION SYSTEM,Individual,3560802,RAZMIG BOLADIAN
94,TATNUCK VENTURES LLC,TATNUCK VENTURES LLC,602 628 574,472081,"2360 CORPORATE CIR STE 330, LAS VEGAS, NV, 89074, UNITED STATES",Active,False,False,False,C T CORPORATION SYSTEM,Individual,1296205,BARBARA LEE
95,TATNUCK VENTURES LLC,TATNUCK VENTURES LLC,602 628 574,472081,"2360 CORPORATE CIR STE 330, LAS VEGAS, NV, 89074, UNITED STATES",Active,False,False,False,C T CORPORATION SYSTEM,Entity,3761767,AMERICAN NEVADA COMPANY
96,SREH 2014 LLC,SREH 2014 LLC,603 391 691,1017673,"1000 2ND AVE STE 1800, SEATTLE, WA, 98104-3619, UNITED STATES",Active,False,False,False,,Individual,2527122,MARTIN SELIG
97,GO-BRICKMAN CENTRAL OWNER LLC,GO-BRICKMAN CENTRAL OWNER LLC,604 300 012,1211955,"C/O BRICKMAN, ONCE GREENWICH OFFICE PARK, BUILDING 1N, SUITE 175, GREENWICH, CT, 06831, UNITED STATES",Active,False,False,False,C T CORPORATION SYSTEM,Entity,2862227,BRICKMAN MGR LLC
98,VBGO 901 FIFTH SEA LLC,VBGO 901 FIFTH SEA LLC,604 418 295,1290530,"277 E TOWN ST, COLUMBUS, OH, 43215-4627, UNITED STATES",Active,False,False,False,CORPORATION SERVICE COMPANY,Individual,2903341,JUSTIN B. KLEINMAN
99,VBGO 901 FIFTH SEA LLC,VBGO 901 FIFTH SEA LLC,604 418 295,1290530,"277 E TOWN ST, COLUMBUS, OH, 43215-4627, UNITED STATES",Active,False,False,False,CORPORATION SERVICE COMPANY,Individual,2903342,GARY M. TISCHLER
100,VBGO 901 FIFTH SEA LLC,VBGO 901 FIFTH SEA LLC,604 418 295,1290530,"277 E TOWN ST, COLUMBUS, OH, 43215-4627, UNITED STATES",Active,False,False,False,CORPORATION SERVICE COMPANY,Individual,2903343,RICHARD A. C. COLES
101,VBGO 901 FIFTH SEA LLC,VBGO 901 FIFTH SEA LLC,604 418 295,1290530,"277 E TOWN ST, COLUMBUS, OH, 43215-4627, UNITED STATES",Active,False,False,False,CORPORATION SERVICE COMPANY,Individual,2903344,DAMIANO BUFFA
102,SAFECO PLAZA LLC,SAFECO PLAZA LLC,604 780 283,1476042,"800 BOYLSTON ST STE 1900, BOSTON, MA, 02199-8101, UNITED STATES",Active,True,False,False,C T CORPORATION SYSTEM,Entity,3572201,SAFECO PLAZA REIT LLC
103,BPP 999 THIRD AVENUE OWNER LLC,BPP 999 THIRD AVENUE OWNER LLC,604 467 183,1288971,"233 S WACKER DR STE 4700, CHICAGO, IL, 60606-6374, UNITED STATES",Active,False,False,False,CORPORATION SERVICE COMPANY,Individual,3203645,A.J. AGARWAL
104,BPP 999 THIRD AVENUE OWNER LLC,BPP 999 THIRD AVENUE OWNER LLC,604 467 183,1288971,"233 S WACKER DR STE 4700, CHICAGO, IL, 60606-6374, UNITED STATES",Active,False,False,False,CORPORATION SERVICE COMPANY,Individual,3203646,KENNETH A. CAPLAN
105,BPP 999 THIRD AVENUE OWNER LLC,BPP 999 THIRD AVENUE OWNER LLC,604 467 183,1288971,"233 S WACKER DR STE 4700, CHICAGO, IL, 60606-6374, UNITED STATES",Active,False,False,False,CORPORATION SERVICE COMPANY,Individual,3203647,FRANK COHEN
106,BPP 999 THIRD AVENUE OWNER LLC,BPP 999 THIRD AVENUE OWNER LLC,604 467 183,1288971,"233 S WACKER DR STE 4700, CHICAGO, IL, 60606-6374, UNITED STATES",Active,False,False,False,CORPORATION SERVICE COMPANY,Individual,3203648,GIOVANNI CUTAIA
107,BPP 999 THIRD AVENUE OWNER LLC,BPP 999 THIRD AVENUE OWNER LLC,604 467 183,1288971,"233 S WACKER DR STE 4700, CHICAGO, IL, 60606-6374, UNITED STATES",Active,False,False,False,CORPORATION SERVICE COMPANY,Individual,3203649,ROBERT HARPER
108,BPP 999 THIRD AVENUE OWNER LLC,BPP 999 THIRD AVENUE OWNER LLC,604 467 183,1288971,"233 S WACKER DR STE 4700, CHICAGO, IL, 60606-6374, UNITED STATES",Active,False,False,False,CORPORATION SERVICE COMPANY,Individual,3203650,TYLER HENRITZE
109,BPP 999 THIRD AVENUE OWNER LLC,BPP 999 THIRD AVENUE OWNER LLC,604 467 183,1288971,"233 S WACKER DR STE 4700, CHICAGO, IL, 60606-6374, UNITED STATES",Active,False,False,False,CORPORATION SERVICE COMPANY,Individual,3203651,KATHLEEN MCCARTHY
110,BPP 999 THIRD AVENUE OWNER LLC,BPP 999 THIRD AVENUE OWNER LLC,604 467 183,1288971,"233 S WACKER DR STE 4700, CHICAGO, IL, 60606-6374, UNITED STATES",Active,False,False,False,CORPORATION SERVICE COMPANY,Individual,3203652,NADEEM MEGHJI
111,BPP 999 THIRD AVENUE OWNER LLC,BPP 999 THIRD AVENUE OWNER LLC,604 467 183,1288971,"233 S WACKER DR STE 4700, CHICAGO, IL, 60606-6374, UNITED STATES",Active,False,False,False,CORPORATION SERVICE COMPANY,Individual,3203653,WILLIAM J. STEIN
112,BPP 999 THIRD AVENUE OWNER LLC,BPP 999 THIRD AVENUE OWNER LLC,604 467 183,1288971,"233 S WACKER DR STE 4700, CHICAGO, IL, 60606-6374, UNITED STATES",Active,False,False,False,CORPORATION SERVICE COMPANY,Individual,3203654,WESLEY LEPATNER
113,BPP 999 THIRD AVENUE OWNER LLC,BPP 999 THIRD AVENUE OWNER LLC,604 467 183,1288971,"233 S WACKER DR STE 4700, CHICAGO, IL, 60606-6374, UNITED STATES",Active,False,False,False,CORPORATION SERVICE COMPANY,Individual,3203655,JACOB WERNER
114,BPP 999 THIRD AVENUE OWNER LLC,BPP 999 THIRD AVENUE OWNER LLC,604 467 183,1288971,"233 S WACKER DR STE 4700, CHICAGO, IL, 60606-6374, UNITED STATES",Active,False,False,False,CORPORATION SERVICE COMPANY,Individual,3203656,MICHAEL LASCHER
115,BPP 999 THIRD AVENUE OWNER LLC,BPP 999 THIRD AVENUE OWNER LLC,604 467 183,1288971,"233 S WACKER DR STE 4700, CHICAGO, IL, 60606-6374, UNITED STATES",Active,False,False,False,CORPORATION SERVICE COMPANY,Individual,3203657,DAVID LEVINE
116,BPP 999 THIRD AVENUE OWNER LLC,BPP 999 THIRD AVENUE OWNER LLC,604 467 183,1288971,"233 S WACKER DR STE 4700, CHICAGO, IL, 60606-6374, UNITED STATES",Active,False,False,False,CORPORATION SERVICE COMPANY,Individual,3203658,DOUG ARMER
117,BPP 999 THIRD AVENUE OWNER LLC,BPP 999 THIRD AVENUE OWNER LLC,604 467 183,1288971,"233 S WACKER DR STE 4700, CHICAGO, IL, 60606-6374, UNITED STATES",Active,False,False,False,CORPORATION SERVICE COMPANY,Individual,3203659,ANTHONY BEOVICH
118,BPP 999 THIRD AVENUE OWNER LLC,BPP 999 THIRD AVENUE OWNER LLC,604 467 183,1288971,"233 S WACKER DR STE 4700, CHICAGO, IL, 60606-6374, UNITED STATES",Active,False,False,False,CORPORATION SERVICE COMPANY,Individual,3203660,RON BERNSTEIN
119,BPP 999 THIRD AVENUE OWNER LLC,BPP 999 THIRD AVENUE OWNER LLC,604 467 183,1288971,"233 S WACKER DR STE 4700, CHICAGO, IL, 60606-6374, UNITED STATES",Active,False,False,False,CORPORATION SERVICE COMPANY,Individual,3203661,ANDREA DRASITES
120,BPP 999 THIRD AVENUE OWNER LLC,BPP 999 THIRD AVENUE OWNER LLC,604 467 183,1288971,"233 S WACKER DR STE 4700, CHICAGO, IL, 60606-6374, UNITED STATES",Active,False,False,False,CORPORATION SERVICE COMPANY,Individual,3203663,BRIAN KIM
121,BPP 999 THIRD AVENUE OWNER LLC,BPP 999 THIRD AVENUE OWNER LLC,604 467 183,1288971,"233 S WACKER DR STE 4700, CHICAGO, IL, 60606-6374, UNITED STATES",Active,False,False,False,CORPORATION SERVICE COMPANY,Individual,3203664,QAHIR MADHANY
122,BPP 999 THIRD AVENUE OWNER LLC,BPP 999 THIRD AVENUE OWNER LLC,604 467 183,1288971,"233 S WACKER DR STE 4700, CHICAGO, IL, 60606-6374, UNITED STATES",Active,False,False,False,CORPORATION SERVICE COMPANY,Individual,3203665,"ANTHONY F. MARONE, JR."
123,BPP 999 THIRD AVENUE OWNER LLC,BPP 999 THIRD AVENUE OWNER LLC,604 467 183,1288971,"233 S WACKER DR STE 4700, CHICAGO, IL, 60606-6374, UNITED STATES",Active,False,False,False,CORPORATION SERVICE COMPANY,Individual,3203666,MELISSA PIANKO
124,BPP 999 THIRD AVENUE OWNER LLC,BPP 999 THIRD AVENUE OWNER LLC,604 467 183,1288971,"233 S WACKER DR STE 4700, CHICAGO, IL, 60606-6374, UNITED STATES",Active,False,False,False,CORPORATION SERVICE COMPANY,Individual,3203667,PAUL QUINLAN
125,BPP 999 THIRD AVENUE OWNER LLC,BPP 999 THIRD AVENUE OWNER LLC,604 467 183,1288971,"233 S WACKER DR STE 4700, CHICAGO, IL, 60606-6374, UNITED STATES",Active,False,False,False,CORPORATION SERVICE COMPANY,Individual,3203668,SCOTT TREBILCO
126,BPP 999 THIRD AVENUE OWNER LLC,BPP 999 THIRD AVENUE OWNER LLC,604 467 183,1288971,"233 S WACKER DR STE 4700, CHICAGO, IL, 60606-6374, UNITED STATES",Active,False,False,False,CORPORATION SERVICE COMPANY,Individual,3203669,KAREN SPROGIS
127,BPP 999 THIRD AVENUE OWNER LLC,BPP 999 THIRD AVENUE OWNER LLC,604 467 183,1288971,"233 S WACKER DR STE 4700, CHICAGO, IL, 60606-6374, UNITED STATES",Active,False,False,False,CORPORATION SERVICE COMPANY,Individual,3203670,MICHAEL WIEBOLT
128,BPP 999 THIRD AVENUE OWNER LLC,BPP 999 THIRD AVENUE OWNER LLC,604 467 183,1288971,"233 S WACKER DR STE 4700, CHICAGO, IL, 60606-6374, UNITED STATES",Active,False,False,False,CORPORATION SERVICE COMPANY,Individual,3203671,LEON VOLCHYOK
129,BPP 999 THIRD AVENUE OWNER LLC,BPP 999 THIRD AVENUE OWNER LLC,604 467 183,1288971,"233 S WACKER DR STE 4700, CHICAGO, IL, 60606-6374, UNITED STATES",Active,False,False,False,CORPORATION SERVICE COMPANY,Individual,3203672,CHRIS GRAHAM
130,BPP 999 THIRD AVENUE OWNER LLC,BPP 999 THIRD AVENUE OWNER LLC,604 467 183,1288971,"233 S WACKER DR STE 4700, CHICAGO, IL, 60606-6374, UNITED STATES",Active,False,False,False,CORPORATION SERVICE COMPANY,Individual,3203673,RYAN INGLE
131,BPP 999 THIRD AVENUE OWNER LLC,BPP 999 THIRD AVENUE OWNER LLC,604 467 183,1288971,"233 S WACKER DR STE 4700, CHICAGO, IL, 60606-6374, UNITED STATES",Active,False,False,False,CORPORATION SERVICE COMPANY,Individual,3203674,JOSHUA CARSON
132,BPP 999 THIRD AVENUE OWNER LLC,BPP 999 THIRD AVENUE OWNER LLC,604 467 183,1288971,"233 S WACKER DR STE 4700, CHICAGO, IL, 60606-6374, UNITED STATES",Active,False,False,False,CORPORATION SERVICE COMPANY,Individual,3203675,JOHN PRETE
133,BPP 999 THIRD AVENUE OWNER LLC,BPP 999 THIRD AVENUE OWNER LLC,604 467 183,1288971,"233 S WACKER DR STE 4700, CHICAGO, IL, 60606-6374, UNITED STATES",Active,False,False,False,CORPORATION SERVICE COMPANY,Individual,3203676,DAVID ZACKOWITZ
134,BPP 999 THIRD AVENUE OWNER LLC,BPP 999 THIRD AVENUE OWNER LLC,604 467 183,1288971,"233 S WACKER DR STE 4700, CHICAGO, IL, 60606-6374, UNITED STATES",Active,False,False,False,CORPORATION SERVICE COMPANY,Individual,3203677,ERIC WU
135,BPP 999 THIRD AVENUE OWNER LLC,BPP 999 THIRD AVENUE OWNER LLC,604 467 183,1288971,"233 S WACKER DR STE 4700, CHICAGO, IL, 60606-6374, UNITED STATES",Active,False,False,False,CORPORATION SERVICE COMPANY,Individual,3203678,ASIM HAMID
136,BPP 999 THIRD AVENUE OWNER LLC,BPP 999 THIRD AVENUE OWNER LLC,604 467 183,1288971,"233 S WACKER DR STE 4700, CHICAGO, IL, 60606-6374, UNITED STATES",Active,False,False,False,CORPORATION SERVICE COMPANY,Individual,3203679,BRIAN LIN
137,BPP 999 THIRD AVENUE OWNER LLC,BPP 999 THIRD AVENUE OWNER LLC,604 467 183,1288971,"233 S WACKER DR STE 4700, CHICAGO, IL, 60606-6374, UNITED STATES",Active,False,False,False,CORPORATION SERVICE COMPANY,Individual,3203680,GLEN BARTLEY
138,BPP 999 THIRD AVENUE OWNER LLC,BPP 999 THIRD AVENUE OWNER LLC,604 467 183,1288971,"233 S WACKER DR STE 4700, CHICAGO, IL, 60606-6374, UNITED STATES",Active,False,False,False,CORPORATION SERVICE COMPANY,Individual,3203681,NICOLE GRIMALDI
139,BPP 999 THIRD AVENUE OWNER LLC,BPP 999 THIRD AVENUE OWNER LLC,604 467 183,1288971,"233 S WACKER DR STE 4700, CHICAGO, IL, 60606-6374, UNITED STATES",Active,False,False,False,CORPORATION SERVICE COMPANY,Individual,3203682,MICHAEL BERINGER
140,BPP 999 THIRD AVENUE OWNER LLC,BPP 999 THIRD AVENUE OWNER LLC,604 467 183,1288971,"233 S WACKER DR STE 4700, CHICAGO, IL, 60606-6374, UNITED STATES",Active,False,False,False,CORPORATION SERVICE COMPANY,Individual,3203683,MARC LENIHAN
141,BPP 999 THIRD AVENUE OWNER LLC,BPP 999 THIRD AVENUE OWNER LLC,604 467 183,1288971,"233 S WACKER DR STE 4700, CHICAGO, IL, 60606-6374, UNITED STATES",Active,False,False,False,CORPORATION SERVICE COMPANY,Individual,3203684,MARIKAY KLANK
142,BPP 999 THIRD AVENUE OWNER LLC,BPP 999 THIRD AVENUE OWNER LLC,604 467 183,1288971,"233 S WACKER DR STE 4700, CHICAGO, IL, 60606-6374, UNITED STATES",Active,False,False,False,CORPORATION SERVICE COMPANY,Individual,3203685,JOSEPH VALANE
143,BPP 999 THIRD AVENUE OWNER LLC,BPP 999 THIRD AVENUE OWNER LLC,604 467 183,1288971,"233 S WACKER DR STE 4700, CHICAGO, IL, 60606-6374, UNITED STATES",Active,False,False,False,CORPORATION SERVICE COMPANY,Individual,3203687,LESLIE ROBELLY
144,BPP 999 THIRD AVENUE OWNER LLC,BPP 999 THIRD AVENUE OWNER LLC,604 467 183,1288971,"233 S WACKER DR STE 4700, CHICAGO, IL, 60606-6374, UNITED STATES",Active,False,False,False,CORPORATION SERVICE COMPANY,Individual,3203688,LAKECIA STANFORD
145,BPP 999 THIRD AVENUE OWNER LLC,BPP 999 THIRD AVENUE OWNER LLC,604 467 183,1288971,"233 S WACKER DR STE 4700, CHICAGO, IL, 60606-6374, UNITED STATES",Active,False,False,False,CORPORATION SERVICE COMPANY,Individual,3203689,DANIELLE SANDS
146,BPP 999 THIRD AVENUE OWNER LLC,BPP 999 THIRD AVENUE OWNER LLC,604 467 183,1288971,"233 S WACKER DR STE 4700, CHICAGO, IL, 60606-6374, UNITED STATES",Active,False,False,False,CORPORATION SERVICE COMPANY,Individual,3203690,ERIC LEANER
147,BPP 999 THIRD AVENUE OWNER LLC,BPP 999 THIRD AVENUE OWNER LLC,604 467 183,1288971,"233 S WACKER DR STE 4700, CHICAGO, IL, 60606-6374, UNITED STATES",Active,False,False,False,CORPORATION SERVICE COMPANY,Individual,3203691,LISA PICARD
148,BPP 999 THIRD AVENUE OWNER LLC,BPP 999 THIRD AVENUE OWNER LLC,604 467 183,1288971,"233 S WACKER DR STE 4700, CHICAGO, IL, 60606-6374, UNITED STATES",Active,False,False,False,CORPORATION SERVICE COMPANY,Individual,3203692,FRANK R. CAMPBELL
149,BPP 999 THIRD AVENUE OWNER LLC,BPP 999 THIRD AVENUE OWNER LLC,604 467 183,1288971,"233 S WACKER DR STE 4700, CHICAGO, IL, 60606-6374, UNITED STATES",Active,False,False,False,CORPORATION SERVICE COMPANY,Individual,3203693,SEAN MILLIGAN
150,BPP 999 THIRD AVENUE OWNER LLC,BPP 999 THIRD AVENUE OWNER LLC,604 467 183,1288971,"233 S WACKER DR STE 4700, CHICAGO, IL, 60606-6374, UNITED STATES",Active,False,False,False,CORPORATION SERVICE COMPANY,Individual,3203694,CHAO YAN
151,BPP 999 THIRD AVENUE OWNER LLC,BPP 999 THIRD AVENUE OWNER LLC,604 467 183,1288971,"233 S WACKER DR STE 4700, CHICAGO, IL, 60606-6374, UNITED STATES",Active,False,False,False,CORPORATION SERVICE COMPANY,Entity,3530911,BPP 999 THIRD AVENUE PROPERTY OWNER LLC
152,BPP 999 THIRD AVENUE OWNER LLC,BPP 999 THIRD AVENUE OWNER LLC,604 467 183,1288971,"233 S WACKER DR STE 4700, CHICAGO, IL, 60606-6374, UNITED STATES",Active,False,False,False,CORPORATION SERVICE COMPANY,Individual,3530912,MICHAEL ANTHONY
153,BPP 999 THIRD AVENUE OWNER LLC,BPP 999 THIRD AVENUE OWNER LLC,604 467 183,1288971,"233 S WACKER DR STE 4700, CHICAGO, IL, 60606-6374, UNITED STATES",Active,False,False,False,CORPORATION SERVICE COMPANY,Individual,3530913,MIKE FORMAN
154,BPP 999 THIRD AVENUE OWNER LLC,BPP 999 THIRD AVENUE OWNER LLC,604 467 183,1288971,"233 S WACKER DR STE 4700, CHICAGO, IL, 60606-6374, UNITED STATES",Active,False,False,False,CORPORATION SERVICE COMPANY,Individual,3530914,ADAM LESLIE
155,BPP 999 THIRD AVENUE OWNER LLC,BPP 999 THIRD AVENUE OWNER LLC,604 467 183,1288971,"233 S WACKER DR STE 4700, CHICAGO, IL, 60606-6374, UNITED STATES",Active,False,False,False,CORPORATION SERVICE COMPANY,Individual,3530915,T. MAX O'NEILL
156,BPP 999 THIRD AVENUE OWNER LLC,BPP 999 THIRD AVENUE OWNER LLC,604 467 183,1288971,"233 S WACKER DR STE 4700, CHICAGO, IL, 60606-6374, UNITED STATES",Active,False,False,False,CORPORATION SERVICE COMPANY,Individual,3530916,MARSHALL NEVINS
157,BPP 999 THIRD AVENUE OWNER LLC,BPP 999 THIRD AVENUE OWNER LLC,604 467 183,1288971,"233 S WACKER DR STE 4700, CHICAGO, IL, 60606-6374, UNITED STATES",Active,False,False,False,CORPORATION SERVICE COMPANY,Individual,3530917,PHIL BATEMAN
158,BPP 999 THIRD AVENUE OWNER LLC,BPP 999 THIRD AVENUE OWNER LLC,604 467 183,1288971,"233 S WACKER DR STE 4700, CHICAGO, IL, 60606-6374, UNITED STATES",Active,False,False,False,CORPORATION SERVICE COMPANY,Individual,3530918,ANNIE WANG
159,BPP 999 THIRD AVENUE OWNER LLC,BPP 999 THIRD AVENUE OWNER LLC,604 467 183,1288971,"233 S WACKER DR STE 4700, CHICAGO, IL, 60606-6374, UNITED STATES",Active,False,False,False,CORPORATION SERVICE COMPANY,Individual,3901125,MARK HUDSPETH
160,BPP 999 THIRD AVENUE OWNER LLC,BPP 999 THIRD AVENUE OWNER LLC,604 467 183,1288971,"233 S WACKER DR STE 4700, CHICAGO, IL, 60606-6374, UNITED STATES",Active,False,False,False,CORPORATION SERVICE COMPANY,Individual,3901126,TOM JACK
161,BPP 999 THIRD AVENUE OWNER LLC,BPP 999 THIRD AVENUE OWNER LLC,604 467 183,1288971,"233 S WACKER DR STE 4700, CHICAGO, IL, 60606-6374, UNITED STATES",Active,False,False,False,CORPORATION SERVICE COMPANY,Individual,3901127,BRIAN KAUFMAN
162,BPP 999 THIRD AVENUE OWNER LLC,BPP 999 THIRD AVENUE OWNER LLC,604 467 183,1288971,"233 S WACKER DR STE 4700, CHICAGO, IL, 60606-6374, UNITED STATES",Active,False,False,False,CORPORATION SERVICE COMPANY,Individual,3901128,PAUL KOLODZIEJ
163,BPP 999 THIRD AVENUE OWNER LLC,BPP 999 THIRD AVENUE OWNER LLC,604 467 183,1288971,"233 S WACKER DR STE 4700, CHICAGO, IL, 60606-6374, UNITED STATES",Active,False,False,False,CORPORATION SERVICE COMPANY,Individual,3901129,BRENDAN MCINTEE
164,BPP 999 THIRD AVENUE OWNER LLC,BPP 999 THIRD AVENUE OWNER LLC,604 467 183,1288971,"233 S WACKER DR STE 4700, CHICAGO, IL, 60606-6374, UNITED STATES",Active,False,False,False,CORPORATION SERVICE COMPANY,Individual,3901130,DAVID Oâ€™NEILL
165,BPP 999 THIRD AVENUE OWNER LLC,BPP 999 THIRD AVENUE OWNER LLC,604 467 183,1288971,"233 S WACKER DR STE 4700, CHICAGO, IL, 60606-6374, UNITED STATES",Active,False,False,False,CORPORATION SERVICE COMPANY,Individual,3901131,RICHARD REYES
166,BPP 999 THIRD AVENUE OWNER LLC,BPP 999 THIRD AVENUE OWNER LLC,604 467 183,1288971,"233 S WACKER DR STE 4700, CHICAGO, IL, 60606-6374, UNITED STATES",Active,False,False,False,CORPORATION SERVICE COMPANY,Individual,3901132,JOSEPH ROCCO
167,BPP 999 THIRD AVENUE OWNER LLC,BPP 999 THIRD AVENUE OWNER LLC,604 467 183,1288971,"233 S WACKER DR STE 4700, CHICAGO, IL, 60606-6374, UNITED STATES",Active,False,False,False,CORPORATION SERVICE COMPANY,Individual,3901133,NISSAN SHAH
168,BPP 999 THIRD AVENUE OWNER LLC,BPP 999 THIRD AVENUE OWNER LLC,604 467 183,1288971,"233 S WACKER DR STE 4700, CHICAGO, IL, 60606-6374, UNITED STATES",Active,False,False,False,CORPORATION SERVICE COMPANY,Individual,3901134,IVY ISRAEL
169,BPP 999 THIRD AVENUE OWNER LLC,BPP 999 THIRD AVENUE OWNER LLC,604 467 183,1288971,"233 S WACKER DR STE 4700, CHICAGO, IL, 60606-6374, UNITED STATES",Active,False,False,False,CORPORATION SERVICE COMPANY,Individual,3901135,DEONDRA CEPHUS
170,BPP 999 THIRD AVENUE OWNER LLC,BPP 999 THIRD AVENUE OWNER LLC,604 467 183,1288971,"233 S WACKER DR STE 4700, CHICAGO, IL, 60606-6374, UNITED STATES",Active,False,False,False,CORPORATION SERVICE COMPANY,Individual,3901136,ANNA STOKES
171,BPP 999 THIRD AVENUE OWNER LLC,BPP 999 THIRD AVENUE OWNER LLC,604 467 183,1288971,"233 S WACKER DR STE 4700, CHICAGO, IL, 60606-6374, UNITED STATES",Active,False,False,False,CORPORATION SERVICE COMPANY,Individual,3901137,CHARLIE HOBEY
172,BPP 999 THIRD AVENUE OWNER LLC,BPP 999 THIRD AVENUE OWNER LLC,604 467 183,1288971,"233 S WACKER DR STE 4700, CHICAGO, IL, 60606-6374, UNITED STATES",Active,False,False,False,CORPORATION SERVICE COMPANY,Individual,3901138,SPENCER ROSE
173,BPP 999 THIRD AVENUE OWNER LLC,BPP 999 THIRD AVENUE OWNER LLC,604 467 183,1288971,"233 S WACKER DR STE 4700, CHICAGO, IL, 60606-6374, UNITED STATES",Active,False,False,False,CORPORATION SERVICE COMPANY,Individual,3901139,PAUL GORDON
174,BPP 999 THIRD AVENUE OWNER LLC,BPP 999 THIRD AVENUE OWNER LLC,604 467 183,1288971,"233 S WACKER DR STE 4700, CHICAGO, IL, 60606-6374, UNITED STATES",Active,False,False,False,CORPORATION SERVICE COMPANY,Individual,3901140,LAUREN SOZIO
175,BPP 999 THIRD AVENUE OWNER LLC,BPP 999 THIRD AVENUE OWNER LLC,604 467 183,1288971,"233 S WACKER DR STE 4700, CHICAGO, IL, 60606-6374, UNITED STATES",Active,False,False,False,CORPORATION SERVICE COMPANY,Individual,3901141,SIMON WASSERBERGER
176,BPP 999 THIRD AVENUE OWNER LLC,BPP 999 THIRD AVENUE OWNER LLC,604 467 183,1288971,"233 S WACKER DR STE 4700, CHICAGO, IL, 60606-6374, UNITED STATES",Active,False,False,False,CORPORATION SERVICE COMPANY,Individual,3901142,BRITTON DERKAC
177,BPP 999 THIRD AVENUE OWNER LLC,BPP 999 THIRD AVENUE OWNER LLC,604 467 183,1288971,"233 S WACKER DR STE 4700, CHICAGO, IL, 60606-6374, UNITED STATES",Active,False,False,False,CORPORATION SERVICE COMPANY,Individual,3901143,AMY SMITH
178,BPP 999 THIRD AVENUE OWNER LLC,BPP 999 THIRD AVENUE OWNER LLC,604 467 183,1288971,"233 S WACKER DR STE 4700, CHICAGO, IL, 60606-6374, UNITED STATES",Active,False,False,False,CORPORATION SERVICE COMPANY,Individual,3901144,MIKKI WARD
179,BPP 999 THIRD AVENUE OWNER LLC,BPP 999 THIRD AVENUE OWNER LLC,604 467 183,1288971,"233 S WACKER DR STE 4700, CHICAGO, IL, 60606-6374, UNITED STATES",Active,False,False,False,CORPORATION SERVICE COMPANY,Individual,3901145,BRENDAN MCINTEE
180,BPP 999 THIRD AVENUE OWNER LLC,BPP 999 THIRD AVENUE OWNER LLC,604 467 183,1288971,"233 S WACKER DR STE 4700, CHICAGO, IL, 60606-6374, UNITED STATES",Active,False,False,False,CORPORATION SERVICE COMPANY,Individual,3901146,DAVID MOORE
181,BPP 999 THIRD AVENUE OWNER LLC,BPP 999 THIRD AVENUE OWNER LLC,604 467 183,1288971,"233 S WACKER DR STE 4700, CHICAGO, IL, 60606-6374, UNITED STATES",Active,False,False,False,CORPORATION SERVICE COMPANY,Individual,3901147,ANTHONY BEOVICH
182,BPP 999 THIRD AVENUE OWNER LLC,BPP 999 THIRD AVENUE OWNER LLC,604 467 183,1288971,"233 S WACKER DR STE 4700, CHICAGO, IL, 60606-6374, UNITED STATES",Active,False,False,False,CORPORATION SERVICE COMPANY,Individual,3901148,BRIAN LIN
183,BPP 999 THIRD AVENUE OWNER LLC,BPP 999 THIRD AVENUE OWNER LLC,604 467 183,1288971,"233 S WACKER DR STE 4700, CHICAGO, IL, 60606-6374, UNITED STATES",Active,False,False,False,CORPORATION SERVICE COMPANY,Individual,3901149,MICHAEL ANTHONY
184,HINES NORTON SEATTLE LLC,HINES NORTON SEATTLE LLC,604 816 375,1498693,"845 TEXAS AVENUE SUITE 3300, HOUSTON, TX, 77002, UNITED STATES",Active,False,False,False,C T CORPORATION SYSTEM,Entity,3979383,HUSPP PROPERTIES LP
185,PIONEER BUILDING LEVEL OFFICE LLC,PIONEER BUILDING LEVEL OFFICE LLC,603 532 620,890019,"600 1ST AVE, SEATTLE, WA, 98104-2216, UNITED STATES",Active,False,False,False,"REGISTERED AGENT SOLUTIONS, INC.",Individual,551230,WILLIAM BENNETT
186,GO-BRICKMAN BRODERICK OWNER LLC,GO-BRICKMAN BRODERICK OWNER LLC,604 336 373,1232326,"C/O BRICKMAN, ONCE GREENWICH OFFICE PARK,, BUILDING 1N, SUITE 175, GREENWICH, CT, 06831, UNITED STATES",Active,False,False,False,C T CORPORATION SYSTEM,Entity,2942814,GO-BRICKMAN BRODERICK MIKEN JV LLC
187,UNICO BOP WASHINGTON PARK LLC,UNICO BOP WASHINGTON PARK LLC,604 431 986,1274714,"1215 4TH AVENUE, SUITE 600, SEATTLE, WA, 98161, UNITED STATES",Active,False,False,False,CORPORATION SERVICE COMPANY,Entity,2843986,UNICO PROPERTIES LLC
188,WLAM PROPERTY ASSOCIATION,WLAM PROPERTY ASSOCIATION,602 622 734,1053842,"719 S KING ST, SEATTLE, WA, 98104-3035, UNITED STATES",Active,True,False,False,,Individual,917126,BRUCE BRUNDIGE
189,WLAM PROPERTY ASSOCIATION,WLAM PROPERTY ASSOCIATION,602 622 734,1053842,"719 S KING ST, SEATTLE, WA, 98104-3035, UNITED STATES",Active,True,False,False,,Individual,1924697,ELLEN FERGUSON
190,WLAM PROPERTY ASSOCIATION,WLAM PROPERTY ASSOCIATION,602 622 734,1053842,"719 S KING ST, SEATTLE, WA, 98104-3035, UNITED STATES",Active,True,False,False,,Individual,2022924,MIMI GAN
191,WLAM PROPERTY ASSOCIATION,WLAM PROPERTY ASSOCIATION,602 622 734,1053842,"719 S KING ST, SEATTLE, WA, 98104-3035, UNITED STATES",Active,True,False,False,,Individual,3911324,JILL NISHI
192,UV 316 ALASKAN LLC,UV 316 ALASKAN LLC,604 006 184,1072571,"701 5TH AVE STE 6400, SEATTLE, WA, 98104-7100, UNITED STATES",Active,False,False,False,C T CORPORATION SYSTEM,Entity,3561000,URBAN VISIONS MANAGEMENT LLC
193,REDCO OCCIDENTAL 547 OWNER LLC,REDCO OCCIDENTAL 547 OWNER LLC,604 455 119,1282940,,,False,True,True,CORPORATE CREATIONS NETWORK INC.,Entity,3600588,IND HOLDCO I LLC
194,AMERICAN HOTEL BUILDING LLC,AMERICAN HOTEL BUILDING LLC,602 840 118,539763,"520 S KING ST, SEATTLE, WA, 98104-2834, UNITED STATES",Active,False,False,False,,Individual,1084639,SCOTT SHAPIRO
195,HPT IHG-2 PROPERTIES TRUST,HPT IHG-2 PROPERTIES TRUST,603 181 390,740606,"255 WASHINGTON ST, TWO NEWTON PLACE, SUITE 300, NEWTON, MA, 02458-1634, UNITED STATES",Active,False,False,False,CORPORATION SERVICE COMPANY,Individual,88714,ADAM D. PORTNOY
196,HPT IHG-2 PROPERTIES TRUST,HPT IHG-2 PROPERTIES TRUST,603 181 390,740606,"255 WASHINGTON ST, TWO NEWTON PLACE, SUITE 300, NEWTON, MA, 02458-1634, UNITED STATES",Active,False,False,False,CORPORATION SERVICE COMPANY,Individual,2794274,BRIAN E. DONLEY
197,HPT IHG-2 PROPERTIES TRUST,HPT IHG-2 PROPERTIES TRUST,603 181 390,740606,"255 WASHINGTON ST, TWO NEWTON PLACE, SUITE 300, NEWTON, MA, 02458-1634, UNITED STATES",Active,False,False,False,CORPORATION SERVICE COMPANY,Individual,2794275,JENNIFER B. CLARK
198,HPT IHG-2 PROPERTIES TRUST,HPT IHG-2 PROPERTIES TRUST,603 181 390,740606,"255 WASHINGTON ST, TWO NEWTON PLACE, SUITE 300, NEWTON, MA, 02458-1634, UNITED STATES",Active,False,False,False,CORPORATION SERVICE COMPANY,Individual,2794276,JOHN G. MURRAY
199,HPT IHG-2 PROPERTIES TRUST,HPT IHG-2 PROPERTIES TRUST,603 181 390,740606,"255 WASHINGTON ST, TWO NEWTON PLACE, SUITE 300, NEWTON, MA, 02458-1634, UNITED STATES",Active,False,False,False,CORPORATION SERVICE COMPANY,Individual,4107434,TODD W. HARGREAVES
200,ARCTIC CLUB HOTEL LLC,ARCTIC CLUB HOTEL LLC,602 440 867,554813,"108 N WASHINGTON ST STE 603, SPOKANE, WA, 99201-5001, UNITED STATES",Administratively Dissolved,False,False,False,,Individual,271671,WILLIAM LAWSON
201,ARCTIC CLUB HOTEL LLC,ARCTIC CLUB HOTEL LLC,602 440 867,554813,"108 N WASHINGTON ST STE 603, SPOKANE, WA, 99201-5001, UNITED STATES",Administratively Dissolved,False,False,False,,Individual,386407,CHRISTOPHER ASHENBRENER
202,ARCTIC CLUB HOTEL LLC,ARCTIC CLUB HOTEL LLC,602 440 867,554813,"108 N WASHINGTON ST STE 603, SPOKANE, WA, 99201-5001, UNITED STATES",Administratively Dissolved,False,False,False,,Individual,1532884,STEPHEN DAY
203,MADISON HOTEL LLC,MADISON HOTEL LLC,601 816 426,802731,"1700 7TH AVE STE 2300, SEATTLE, WA, 98101-1387, UNITED STATES",Active,False,False,False,"TRUSTEE AND CORPORATE SERVICES, INC.",Entity,1456411,R.C. HEDREEN CO.
204,SCD 2U LLC,SCD 2U LLC,603 490 488,965330,"389 INTERPACE PKWY, 5TH FLOOR, PARSIPPANY, NJ, 07054-1132, UNITED STATES",Active,False,False,False,CORPORATION SERVICE COMPANY,Individual,3965468,CLAES LARSSON
205,PUBLIC STORAGE,PUBLIC STORAGE,602 740 958,392901,"701 WESTERN AVE, SUITE 200, GLENDALE, CA, 91201-2349, UNITED STATES",Active,False,False,False,CORPORATION SERVICE COMPANY,Individual,354064,NATHAN VITAN
206,PUBLIC STORAGE,PUBLIC STORAGE,602 740 958,392901,"701 WESTERN AVE, SUITE 200, GLENDALE, CA, 91201-2349, UNITED STATES",Active,False,False,False,CORPORATION SERVICE COMPANY,Individual,1165909,TERRANCE F. SPIDELL
207,PUBLIC STORAGE,PUBLIC STORAGE,602 740 958,392901,"701 WESTERN AVE, SUITE 200, GLENDALE, CA, 91201-2349, UNITED STATES",Active,False,False,False,CORPORATION SERVICE COMPANY,Individual,1946753,DREW ADAMS
208,POST ALLEY COURT APARTMENTS NW LLC,POST ALLEY COURT APARTMENTS NW LLC,602 313 631,885421,"7820 SW WILLOWMERE DR, PORTLAND, OR, 97225-1251, UNITED STATES",Active,False,False,False,"SW&W REGISTERED AGENTS, INC.",Entity,1729013,PACIFIC INSURANCE INVESTMENT COMPANY
209,PLYMOUTH HOUSING GROUP,PLYMOUTH HOUSING GROUP,600 471 736,379461,"2113 3RD AVE, SEATTLE, WA, 98121-2321, UNITED STATES",Active,False,False,False,,Individual,2652863,CHUCK RILEY
210,PLYMOUTH HOUSING GROUP,PLYMOUTH HOUSING GROUP,600 471 736,379461,"2113 3RD AVE, SEATTLE, WA, 98121-2321, UNITED STATES",Active,False,False,False,,Individual,2652864,LAURA BACHMAN
211,PLYMOUTH HOUSING GROUP,PLYMOUTH HOUSING GROUP,600 471 736,379461,"2113 3RD AVE, SEATTLE, WA, 98121-2321, UNITED STATES",Active,False,False,False,,Individual,3281135,BEN STRAUGHAN
212,PLYMOUTH HOUSING GROUP,PLYMOUTH HOUSING GROUP,600 471 736,379461,"2113 3RD AVE, SEATTLE, WA, 98121-2321, UNITED STATES",Active,False,False,False,,Individual,3669467,LAINEY SICKINGER
213,DOWNTOWN EMERGENCY SERVICE CENTER,DOWNTOWN EMERGENCY SERVICE CENTER,601 142 394,155236,"515 3RD AVE, SEATTLE, WA, 98104-2304, UNITED STATES",Active,False,False,False,,Individual,2406349,DANIEL MALONE
214,SMRE MARKETSIDE LLC,SMRE MARKETSIDE LLC,603 220 361,432541,"411 W PUTNAM AVE, STE 450, GREENWICH, CT, 06830-6290, UNITED STATES",Active,False,False,False,CORPORATION SERVICE COMPANY,Individual,925168, SMRE HARBOR HOLDINGS LLC
215,PR 1430 SECOND LLC,PR 1430 SECOND LLC,604 855 791,1526069,"655 BROAD STREET, 14TH FLOOR, NEWARK, NJ, 07102, UNITED STATES",Active,False,False,False,C T CORPORATION SYSTEM,Entity,3742843,"PRISA LHC, LLC"
216,VIKTORIA SEATTLE LLC,VIKTORIA SEATTLE LLC,603 505 061,1037283,"10100 SANTA MONICA BOUELVARD SUITE 420, LOS ANGELES, CA, 90067, UNITED STATES",Active,False,False,False,"NATIONAL REGISTERED AGENTS, INC.",Entity,1821982,FREEDONIA REALTY LLC
217,SIXTH & PINE BUILDING LLC,SIXTH & PINE BUILDING LLC,602 815 703,430337,"217 PINE ST, #500, SEATTLE, WA, 98101-1590, UNITED STATES",Active,False,False,False,CHANG LAW GROUP PC,Entity,1093630,CENTER SEATTLE MANGEMENT LLC
218,T-C ASPIRA LLC,T-C ASPIRA LLC,603 251 720,1050256,"730 3RD AVE, MS: 730/12/02, NEW YORK, NY, 10017, UNITED STATES",Active,False,False,False,CORPORATION SERVICE COMPANY,Entity,85205,NUVEEN ALTERNATIVES ADVISORS LLC
219,1942 WESTLAKE LP,1942 WESTLAKE LP,604 488 643,1299203,"10900 NE 4TH ST STE 1440, BELLEVUE, WA, 98004-5873, UNITED STATES",Active,True,False,False,"UNISEARCH, INC.",Entity,2936249,CPI 1942 WESTLAKE LLC
220,1942 WESTLAKE LP,1942 WESTLAKE LP,604 488 643,1299203,"10900 NE 4TH ST STE 1440, BELLEVUE, WA, 98004-5873, UNITED STATES",Active,True,False,False,"UNISEARCH, INC.",Entity,2973959,CPI 1942 WESTLAKE LLC
221,1200 HOWELL STREET LLC,1200 HOWELL STREET LLC,603 485 893,59014,"1924 1ST AVE STE 300, SEATTLE, WA, 98101-4802, UNITED STATES",Active,False,False,False,"SW&W REGISTERED AGENTS, INC.",Entity,2838213,BURRARD DEVELOPMENT LLC
222,WASHINGTON STATE CONVENTION CENTER,WASHINGTON STATE CONVENTION CENTER,601 074 722,1075657,"800 CONVENTION PLACE, 5TH FLOOR, SEATTLE, WA, 98101, UNITED STATES",Administratively Dissolved,False,False,False,CHIP FIRTH,Individual,631250,ROBERT FLOWERS
223,WASHINGTON STATE CONVENTION CENTER,WASHINGTON STATE CONVENTION CENTER,601 074 722,1075657,"800 CONVENTION PLACE, 5TH FLOOR, SEATTLE, WA, 98101, UNITED STATES",Administratively Dissolved,False,False,False,CHIP FIRTH,Individual,746048,JOHN CHRISTENSON
224,WASHINGTON STATE CONVENTION CENTER,WASHINGTON STATE CONVENTION CENTER,601 074 722,1075657,"800 CONVENTION PLACE, 5TH FLOOR, SEATTLE, WA, 98101, UNITED STATES",Administratively Dissolved,False,False,False,CHIP FIRTH,Individual,1020785,LINDA WILLANGER
225,WASHINGTON STATE CONVENTION CENTER,WASHINGTON STATE CONVENTION CENTER,601 074 722,1075657,"800 CONVENTION PLACE, 5TH FLOOR, SEATTLE, WA, 98101, UNITED STATES",Administratively Dissolved,False,False,False,CHIP FIRTH,Individual,1656251,ED BARNES
226,TARGET CORPORATION,TARGET CORPORATION,601 007 793,294338,"1000 NICOLLET MALL, MINNEAPOLIS, MN, 55403-2542, UNITED STATES",Active,True,False,False,C T CORPORATION SYSTEM,Individual,3938372,ANTHONY HEREDIA
227,FANA DOYLE LLC,FANA DOYLE LLC,603 228 327,173583,"10655 NE 4TH ST STE 700, BELLEVUE, WA, 98004-5039, UNITED STATES",Active,False,False,False,MICHAEL W CHASE,Individual,606063,MICHAEL CHASE
228,FANA DOYLE LLC,FANA DOYLE LLC,603 228 327,173583,"10655 NE 4TH ST STE 700, BELLEVUE, WA, 98004-5039, UNITED STATES",Active,False,False,False,MICHAEL W CHASE,Individual,1036357,JOHN POWERS
229,FANA DOYLE LLC,FANA DOYLE LLC,603 228 327,173583,"10655 NE 4TH ST STE 700, BELLEVUE, WA, 98004-5039, UNITED STATES",Active,False,False,False,MICHAEL W CHASE,Individual,1627480, FANA PROPERTIES LLC
230,4&U COMMERCIAL LLC,4&U COMMERCIAL LLC,604 924 093,1570750,"1505 5TH AVE STE 600, SEATTLE, WA, 98101-1678, UNITED STATES",Active,False,False,False,,Individual,3889936,SEAN K GRIFFEE
231,4&U COMMERCIAL LLC,4&U COMMERCIAL LLC,604 924 093,1570750,"1505 5TH AVE STE 600, SEATTLE, WA, 98101-1678, UNITED STATES",Active,False,False,False,,Individual,3946960,MATT ROSAUER
232,4TH AVENUE BLDG LLC,4TH AVENUE BLDG LLC,604 065 660,95496,"11221 PACIFIC HWY SW, LAKEWOOD, WA, 98499-5170, UNITED STATES",Active,False,False,False,,Individual,2346174,DANNY R SCHNITZER
233,4TH AVENUE BLDG LLC,4TH AVENUE BLDG LLC,602 253 701,95495,,Administratively Dissolved,False,False,False,DANNY R SCHNITZER,Individual,1576000,DANNY SCHNITZER
234,VIRGINIA STREET JOINT VENTURE LLC,VIRGINIA STREET JOINT VENTURE LLC,604 063 765,1082783,"2107 ELLIOTT AVE STE 303, SEATTLE, WA, 98121-2159, UNITED STATES",Active,False,False,False,"UNISEARCH, INC.",Entity,3369656,THIRD AND VIRGINIA HOLDINGS LLC
235,1415 WESTERN LLC,1415 WESTERN LLC,603 397 806,762885,"4616 25TH AVE NE, #773, SEATTLE, WA, 98105-4183, UNITED STATES",Active,False,False,False,AMANDA LOWELL,Individual,2506975,TIMOTHY CAVANAUGH
236,SEATTLE CHILDREN'S HOSPITAL,SEATTLE CHILDREN'S HOSPITAL,178 019 356,961369,"4800 SAND POINT WAY NE, SEATTLE, WA, 98105-3901, UNITED STATES",Active,True,False,False,CORPORATION SERVICE COMPANY,Individual,3811437,JOEL FRENCH
237,SEATTLE CHILDREN'S HOSPITAL,SEATTLE CHILDREN'S HOSPITAL,178 019 356,961369,"4800 SAND POINT WAY NE, SEATTLE, WA, 98105-3901, UNITED STATES",Active,True,False,False,CORPORATION SERVICE COMPANY,Individual,4056827,LOREN ALHADEFF
238,SEATTLE CHILDREN'S HOSPITAL,SEATTLE CHILDREN'S HOSPITAL,178 019 356,961369,"4800 SAND POINT WAY NE, SEATTLE, WA, 98105-3901, UNITED STATES",Active,True,False,False,CORPORATION SERVICE COMPANY,Individual,4056828,SUSAN BETCHER
239,SEATTLE CHILDREN'S HOSPITAL,SEATTLE CHILDREN'S HOSPITAL,178 019 356,961369,"4800 SAND POINT WAY NE, SEATTLE, WA, 98105-3901, UNITED STATES",Active,True,False,False,CORPORATION SERVICE COMPANY,Individual,4056829,JILL BRUBAKER
240,SEATTLE CHILDREN'S HOSPITAL,SEATTLE CHILDREN'S HOSPITAL,178 019 356,961369,"4800 SAND POINT WAY NE, SEATTLE, WA, 98105-3901, UNITED STATES",Active,True,False,False,CORPORATION SERVICE COMPANY,Individual,4056830,KEN DENMAN
241,SEATTLE CHILDREN'S HOSPITAL,SEATTLE CHILDREN'S HOSPITAL,178 019 356,961369,"4800 SAND POINT WAY NE, SEATTLE, WA, 98105-3901, UNITED STATES",Active,True,False,False,CORPORATION SERVICE COMPANY,Individual,4056831,COLIN FOX
242,SEATTLE CHILDREN'S HOSPITAL,SEATTLE CHILDREN'S HOSPITAL,178 019 356,961369,"4800 SAND POINT WAY NE, SEATTLE, WA, 98105-3901, UNITED STATES",Active,True,False,False,CORPORATION SERVICE COMPANY,Individual,4056832,COLLEEN FUKUI-SKETCHLEY
243,SEATTLE CHILDREN'S HOSPITAL,SEATTLE CHILDREN'S HOSPITAL,178 019 356,961369,"4800 SAND POINT WAY NE, SEATTLE, WA, 98105-3901, UNITED STATES",Active,True,False,False,CORPORATION SERVICE COMPANY,Individual,4056833,TROY HUTSON
244,SEATTLE CHILDREN'S HOSPITAL,SEATTLE CHILDREN'S HOSPITAL,178 019 356,961369,"4800 SAND POINT WAY NE, SEATTLE, WA, 98105-3901, UNITED STATES",Active,True,False,False,CORPORATION SERVICE COMPANY,Individual,4056834,DAN LEVITAN
245,SEATTLE CHILDREN'S HOSPITAL,SEATTLE CHILDREN'S HOSPITAL,178 019 356,961369,"4800 SAND POINT WAY NE, SEATTLE, WA, 98105-3901, UNITED STATES",Active,True,False,False,CORPORATION SERVICE COMPANY,Individual,4056835,PATRICIA LOERA
246,SEATTLE CHILDREN'S HOSPITAL,SEATTLE CHILDREN'S HOSPITAL,178 019 356,961369,"4800 SAND POINT WAY NE, SEATTLE, WA, 98105-3901, UNITED STATES",Active,True,False,False,CORPORATION SERVICE COMPANY,Individual,4056836,JUDITH PIERCE
247,SEATTLE CHILDREN'S HOSPITAL,SEATTLE CHILDREN'S HOSPITAL,178 019 356,961369,"4800 SAND POINT WAY NE, SEATTLE, WA, 98105-3901, UNITED STATES",Active,True,False,False,CORPORATION SERVICE COMPANY,Individual,4056837,RACQUEL RUSSELL
248,SEATTLE CHILDREN'S HOSPITAL,SEATTLE CHILDREN'S HOSPITAL,178 019 356,961369,"4800 SAND POINT WAY NE, SEATTLE, WA, 98105-3901, UNITED STATES",Active,True,False,False,CORPORATION SERVICE COMPANY,Individual,4056838,JOHN SCHOETTLER
249,SEATTLE CHILDREN'S HOSPITAL,SEATTLE CHILDREN'S HOSPITAL,178 019 356,961369,"4800 SAND POINT WAY NE, SEATTLE, WA, 98105-3901, UNITED STATES",Active,True,False,False,CORPORATION SERVICE COMPANY,Individual,4056839,KURT SHINTAFFER
250,SEATTLE CHILDREN'S HOSPITAL,SEATTLE CHILDREN'S HOSPITAL,178 019 356,961369,"4800 SAND POINT WAY NE, SEATTLE, WA, 98105-3901, UNITED STATES",Active,True,False,False,CORPORATION SERVICE COMPANY,Individual,4056840,MOYA VASQUEZ
251,SEATTLE CHILDREN'S HOSPITAL,SEATTLE CHILDREN'S HOSPITAL,178 019 356,961369,"4800 SAND POINT WAY NE, SEATTLE, WA, 98105-3901, UNITED STATES",Active,True,False,False,CORPORATION SERVICE COMPANY,Individual,4056841,CONAN VIERNES
252,TILT49 OFFICE DEVELOPERS LLC,TILT49 OFFICE DEVELOPERS LLC,603 497 884,509627,"1425 4TH AVE STE 200, SEATTLE, WA, 98101-2274, UNITED STATES",Withdrawn,False,False,False,,Individual,293211, TILT49 MEMBER LLC
253,TILT49 OFFICE DEVELOPERS LLC,TILT49 OFFICE DEVELOPERS LLC,603 497 884,509627,"1425 4TH AVE STE 200, SEATTLE, WA, 98101-2274, UNITED STATES",Withdrawn,False,False,False,,Individual,720916, TOUCHSTONE-URG TILT49 LLC
254,WESTERN OFFICE PORTFOLIO PROPERTY OWNER LLC,WESTERN OFFICE PORTFOLIO PROPERTY OWNER LLC,604 370 949,1250815,"1215 4TH AVE STE 600, SEATTLE, WA, 98161-1084, UNITED STATES",Active,False,False,False,C T CORPORATION SYSTEM,Entity,2753026,WESTERN OFFICE PORTFOLIO MEZZ BORROWER LLC
255,URG PARK PLACE LLC,URG PARK PLACE LLC,604 527 666,1315026,"1425 4TH AVE STE 500, SEATTLE, WA, 98101-2264, UNITED STATES",Active,False,False,False,PACIFICA LAW GROUP LLP,Entity,2997054,URBAN RENAISSANCE GORUP LLC
256,UNION SQUARE LIMITED LIABILITY COMPANY,UNION SQUARE LIMITED LIABILITY COMPANY,602 265 343,499278,"600 UNIVERSITY ST STE 2820, SEATTLE, WA, 98101-1184, UNITED STATES",Active,True,False,False,"NATIONAL REGISTERED AGENTS, INC.",Entity,2392483,"WASHINGTON HOLDINGS, LLC"
257,MSI POLL LLC,MSI POLL LLC,604 337 852,1234917,"316 OCCIDENTAL AVE S STE 300, SEATTLE, WA, 98104-4421, UNITED STATES",Active,False,False,False,FIKSO KRETSCHMER SMITH DIXON ORMSETH PS,Individual,2683927,"H. MARTIN SMITH, III"
258,MSI POLL LLC,MSI POLL LLC,604 337 852,1234917,"316 OCCIDENTAL AVE S STE 300, SEATTLE, WA, 98104-4421, UNITED STATES",Active,False,False,False,FIKSO KRETSCHMER SMITH DIXON ORMSETH PS,Individual,2683928,H. MARTIN SMITH III
259,PIKE STREET INVESTORS LLC,PIKE STREET INVESTORS LLC,602 325 768,376733,"10 STATE HOUSE SQ FL 15, HARTFORD, CT, 06103-3600, UNITED STATES",Active,False,False,False,CORPORATION SERVICE COMPANY,Entity,2669948,TPF EQUITY REIT OPERATING PARTNERSHIP LP
260,BRICKMAN VANCE OWNER LLC,BRICKMAN VANCE OWNER LLC,604 189 238,574381,"399 PARK AVE, 18TH FLOOR, NEW YORK, NY, 10022, UNITED STATES",Active,False,False,False,C T CORPORATION SYSTEM,Entity,3299104,GO-BRICKMAN VANCE JV LLC
261,GO-BRICKMAN MIKEN OWNER LLC,GO-BRICKMAN MIKEN OWNER LLC,604 336 381,1232340,"C/O BRICKMAN, ONCE GREENWICH OFFICE PARK, BUILDING 1N, SUITE 175, GREENWICH, CT, 06831, UNITED STATES",Active,False,False,False,C T CORPORATION SYSTEM,Entity,2943078,GO-BRICKMAN BRODERICK MIKEN JV LLC
262,JGB LLC,JGB LLC,602 743 791,793478,"1425 4TH AVE # 420, SEATTLE, WA, 98101, UNITED STATES",Active,False,False,False,PACIFICA LAW GROUP LLP,Individual,17258,JAMES WREGGELSWORTH
263,JGB LLC,JGB LLC,602 743 791,793478,"1425 4TH AVE # 420, SEATTLE, WA, 98101, UNITED STATES",Active,False,False,False,PACIFICA LAW GROUP LLP,Entity,2615828,JOSHUA GREEN CORPORATION
264,LBA REALTY LLC,LBA REALTY LLC,602 610 453,788372,"3347 MICHELSON DR STE 200, IRVINE, CA, 92612-0687, UNITED STATES",Active,True,False,False,"NATIONAL REGISTERED AGENTS, INC.",Individual,34594,TOM RUTHERFORD
265,LCF DECATUR LLC,LCF DECATUR LLC,602 604 949,293211,"3100 80TH AVE NE, HUNTS POINT, WA, 98004-1012, UNITED STATES",Active,False,False,False,,Individual,2953610,CATHERINE FISHER
266,LCF DECATUR LLC,LCF DECATUR LLC,602 604 949,293211,"3100 80TH AVE NE, HUNTS POINT, WA, 98004-1012, UNITED STATES",Active,False,False,False,,Individual,2953611,ROBERT WATT III
267,LOGAN BUILDING LLC,LOGAN BUILDING LLC,603 259 948,838793,"1215 4TH AVENUE, SUITE 600, SEATTLE, WA, 98161, UNITED STATES",Active,False,False,False,CORPORATION SERVICE COMPANY,Entity,2526020,UNICO PROPERTIES LLC
268,BCAL MET PARK PROPERTY LLC,BCAL MET PARK PROPERTY LLC,604 316 300,1221990,"200 STATE STREET 5TH FLOOR, BOSTON, MA, 02109, UNITED STATES",Active,False,False,False,C T CORPORATION SYSTEM,Entity,3203513,BCP-CG MET PARK REIT LLC
269,1800 NINTH ACQUISITION LLC,1800 NINTH ACQUISITION LLC,604 533 218,1322949,"383 MADISON AVE, NEW YORK, NY, 10017-3217, UNITED STATES",Active,False,False,False,C T CORPORATION SYSTEM,Entity,3026814,SSPF REIT I LLC
270,BGO PLAZA 600 JV LLC,BGO PLAZA 600 JV LLC,604 537 878,1328392,"1425 4TH AVE STE 200, C/O URG PLAZA 600 INVESTORS LLC,, SEATTLE, WA, 98101, UNITED STATES",Active,False,False,False,C T CORPORATION SYSTEM,Entity,3047078,BGO PLAZA 600 MEMBER LLC
271,TIMES SQUARE BUILDING LLC,TIMES SQUARE BUILDING LLC,601 893 912,1011985,"1809 7TH AVE STE 300, SEATTLE, WA, 98101-1341, UNITED STATES",Active,True,False,False,,Individual,227180,"TIMES SQUARE FIFTH AVENUE, INC"
272,TOWER BUILDING LLC,TOWER BUILDING LLC,601 893 911,1062467,"1809 7TH AVE STE 300, SEATTLE, WA, 98101-1341, UNITED STATES",Active,True,False,False,,Individual,1997614, TOWER BUILDING SEVENTH AVENUE
273,FIFTH & PINE LLC,FIFTH & PINE LLC,602 452 775,176055,"2001 ROSS AVENUE, SUITE 3400, DALLAS, TX, 75201, UNITED STATES",Active,False,False,False,C T CORPORATION SYSTEM,Entity,3336334,"INVESCO IF IV U.S. 5, LLC"
274,1821 BOREN AVENUE LLC,1821 BOREN AVENUE LLC,604 097 725,2130,"925 4TH AVE STE 3900, SEATTLE, WA, 98104-1113, UNITED STATES",Active,False,False,False,"NATIONAL REGISTERED AGENTS, INC.",Individual,1526109,ANDREAS FISCHER
275,1821 BOREN AVENUE LLC,1821 BOREN AVENUE LLC,604 097 725,2130,"925 4TH AVE STE 3900, SEATTLE, WA, 98104-1113, UNITED STATES",Active,False,False,False,"NATIONAL REGISTERED AGENTS, INC.",Individual,2859144,ANDREA GRIGG
276,1915 SECOND AVENUE LLC,1915 SECOND AVENUE LLC,603 176 132,3642,"2801 ALASKAN WAY, SEATTLE, WA, 98121-1134, UNITED STATES",Withdrawn,False,False,False,"NATIONAL REGISTERED AGENTS, INC.",Individual,588519,PAUL KELLER
277,ROOSEVELT HOTEL OWNER LLC,ROOSEVELT HOTEL OWNER LLC,603 440 553,952440,"1531 SEVENTH AVE, SEATTLE, WA, 98101, UNITED STATES",Active,False,False,False,GORDON D SONDLAND,Individual,705369, ROOSEVELT HOTEL INVESTORS LLC
278,101 PINE STREET LLC,101 PINE STREET LLC,604 101 710,1332,,,False,True,True,CORPORATION SERVICE COMPANY,Entity,3561236,PALIHOTEL SEATTLE LLC
279,RUNNING REBELS OWNER LLC,RUNNING REBELS OWNER LLC,603 099 961,436138,"4747 BETHESDA AVENUE, SUITE 1100, BETHESDA, MD, 20814, UNITED STATES",Delinquent,False,False,False,C T CORPORATION SYSTEM,Entity,2777067,"PEBBLEBROOK HOTEL, L.P."
280,101 DENNY LLC,101 DENNY LLC,603 370 372,3148,"506 2ND AVE, SUITE 1020, SEATTLE, WA, 98104-2328, UNITED STATES",Active,False,False,False,PR CORP SERVICES INC,Individual,3081028,TYLER CARR
281,MIDTOWN21 LLC,MIDTOWN21 LLC,604 129 091,318280,"925 4TH AVE STE 3900, SEATTLE, WA, 98104-1113, UNITED STATES",Active,False,False,False,NATIONAL REGISTERED AGENTS INC,Individual,1639880,ANDREAS FISCHER
282,MIDTOWN21 LLC,MIDTOWN21 LLC,604 129 091,318280,"925 4TH AVE STE 3900, SEATTLE, WA, 98104-1113, UNITED STATES",Active,False,False,False,NATIONAL REGISTERED AGENTS INC,Individual,2588669,STUART GORDON
283,MIDTOWN21 LLC,MIDTOWN21 LLC,604 129 091,318280,"925 4TH AVE STE 3900, SEATTLE, WA, 98104-1113, UNITED STATES",Active,False,False,False,NATIONAL REGISTERED AGENTS INC,Individual,3901387,BEAU AUGUST
284,MIDTOWN21 LLC,MIDTOWN21 LLC,604 129 091,318280,"925 4TH AVE STE 3900, SEATTLE, WA, 98104-1113, UNITED STATES",Active,False,False,False,NATIONAL REGISTERED AGENTS INC,Individual,3901388,MATTHEW ARNOLDY
285,ACORN DEVELOPMENT LLC,ACORN DEVELOPMENT LLC,603 183 512,1093666,"410 TERRY AVENUE  NORTH, SEATTLE, WA, 98103, UNITED STATES",Active,False,False,False,CORPORATION SERVICE COMPANY,Individual,3066831,JOHN SCHOETTLER
286,ACORN DEVELOPMENT LLC,ACORN DEVELOPMENT LLC,603 183 512,1093666,"410 TERRY AVENUE  NORTH, SEATTLE, WA, 98103, UNITED STATES",Active,False,False,False,CORPORATION SERVICE COMPANY,Individual,3066832,KURT LAMP
287,ACORN DEVELOPMENT LLC,ACORN DEVELOPMENT LLC,603 183 512,1093666,"410 TERRY AVENUE  NORTH, SEATTLE, WA, 98103, UNITED STATES",Active,False,False,False,CORPORATION SERVICE COMPANY,Individual,3066833,MICHAEL DEAL
